﻿<?xml version="1.0"?>
<!DOCTYPE Report
[
<!ELEMENT Report (General ,(Doc|BPT)) >
<!ATTLIST Report ver CDATA #REQUIRED tmZone CDATA #REQUIRED>

<!ELEMENT General ( DocLocation ) >
<!ATTLIST General productName CDATA #REQUIRED productVer CDATA #REQUIRED os CDATA #REQUIRED host CDATA #REQUIRED qcserver CDATA #IMPLIED qcproject CDATA #IMPLIED SolManSolutionId CDATA #IMPLIED SolManProjectId CDATA #IMPLIED SolManTestPlanId CDATA #IMPLIED SolManTestPackageId CDATA #IMPLIED SolManUserInfoData CDATA #IMPLIED  >

<!ELEMENT BPT (DName,Res,DVer?,TSet?,TInst?,NodeArgs,AdditionalInfo*,Doc*) >
<!ATTLIST BPT rID ID #REQUIRED >

<!ELEMENT Doc (DName,ConfName?,Res,DVer?,TSet?,TInst?,RunType?,DT?,AdditionalInfo*,Step*,DIter*,Step*,Action*,Doc*,Summary?,TestMaintenanceSummary*,NodeArgs?) >
<!ATTLIST Doc rID ID #REQUIRED type (Test|BC|BPTWrapperTest|Flow|Group|Action) "Test" productName CDATA #REQUIRED BCIter CDATA #IMPLIED >

<!ELEMENT RunType ( #PCDATA )>
<!ATTLIST RunType fmStep (False|True) "False" batch (False|True) "False" upDesc (False|True) "False" upChk (False|True) "False" upAS (False|True) "False">

<!ELEMENT DName ( #PCDATA ) >

<!ELEMENT ConfName ( #PCDATA ) >

<!ELEMENT Res ( #PCDATA ) >

<!ELEMENT AdditionalInfo (AdditionalDataName,AdditionalDataValue ) >

<!ELEMENT AdditionalDataName ( #PCDATA ) >

<!ELEMENT AdditionalDataValue ( #PCDATA ) >

<!ELEMENT DVer ( #PCDATA ) >

<!ELEMENT TSet ( #PCDATA ) >

<!ELEMENT TInst ( #PCDATA ) >

<!ELEMENT DIter (Step*,Action+,Summary?,NodeArgs)>
<!ATTLIST DIter rID ID #REQUIRED iterID CDATA #REQUIRED>

<!ELEMENT DocLocation ( #PCDATA )>

<!ELEMENT Action (AName,AIter*,(Step|HtmlStep|Action)*, Summary,ActionMaintenanceSummary*, NodeArgs ) >
<!ATTLIST Action rID ID #REQUIRED>

<!ELEMENT AIter ((Step|HtmlStep|Action)*,DataMapping?, Summary?,NodeArgs) >
<!ATTLIST AIter rID ID #REQUIRED iterID CDATA #REQUIRED isCountable (False|True) "False" >

<!ELEMENT AName ( #PCDATA ) >

<!ELEMENT TestMaintenanceSummary (ActionMaintenanceSummary*) >
<!ATTLIST TestMaintenanceSummary ObjectsAdded CDATA #REQUIRED ObjectsUpdated CDATA #REQUIRED StepsUpdated CDATA #REQUIRED StepsComments CDATA #REQUIRED><!ELEMENT ActionMaintenanceSummary (ObjectChange* ) >
<!ATTLIST ActionMaintenanceSummary Action CDATA #REQUIRED Objects CDATA #REQUIRED Updated CDATA #REQUIRED LinesTotal CDATA #REQUIRED Added CDATA #REQUIRED LinesUpdated CDATA #REQUIRED>

<!ELEMENT ObjectChange  (Hierarchy, PropertyChangeList* ) >
<!ATTLIST ObjectChange Operation CDATA #IMPLIED OriginalRepository CDATA #IMPLIED>

<!ELEMENT PropertyChangeList (PropertyDef*) >

<!ELEMENT PropertyDef (OriginalValue, NewValue) >
<!ATTLIST PropertyDef PropName CDATA #REQUIRED OriginRegularExpression (True|False) "False" NewRegularExpression (True|False) "False" AddedProperty (True|False) "False" >

<!ELEMENT OriginalValue ( #PCDATA )>

<!ELEMENT NewValue ( #PCDATA )>

<!ELEMENT Hierarchy  (ObjectName, Hierarchy*) >
<!ATTLIST Hierarchy MicClass CDATA #REQUIRED>

<!ELEMENT ObjectName  ( #PCDATA ) >

<!ELEMENT Step (Obj,Details,Time,TimeTick* ,(Step|HtmlStep|Doc)*, DataMapping?, NodeArgs) >
<!ATTLIST Step rID ID #REQUIRED retval CDATA #IMPLIED>

<!ELEMENT HtmlStep (HTML,TimeTick*,(Step|HtmlStep|Doc)*,NodeArgs) >
<!ATTLIST HtmlStep rID ID #REQUIRED >

<!ELEMENT Obj ( #PCDATA ) >
<!ATTLIST Obj plainTxt (False|True) "True">

<!ELEMENT Details ( #PCDATA ) >
<!ATTLIST Details plainTxt (False|True) "True">

<!ELEMENT Time ( #PCDATA ) >

<!ELEMENT HTML ( #PCDATA ) >

<!ELEMENT Disp ( #PCDATA ) >

<!ELEMENT TimeTick ( #PCDATA ) >

<!ELEMENT DataMapping ( DataMappedItem* )>
<!ELEMENT DataMappedItem EMPTY >
<!ATTLIST DataMappedItem dsName CDATA #REQUIRED >
<!ATTLIST DataMappedItem rowId CDATA #REQUIRED >

<!ELEMENT NodeArgs (Disp,TopPane?,BtmPane?,ExtendedInfo? )>
<!ATTLIST NodeArgs eType CDATA #REQUIRED icon CDATA #REQUIRED nRep CDATA #REQUIRED UserNote CDATA #IMPLIED filter (False|True) "True">
<!ATTLIST NodeArgs status (Passed|Failed|Done|Warning|Information) "Done">
<!ATTLIST NodeArgs iconSel CDATA #IMPLIED nType CDATA #IMPLIED MovieMarker CDATA "">
<!ATTLIST NodeArgs Source CDATA #IMPLIED SourceLine CDATA #IMPLIED StepFlowItemKey CDATA #IMPLIED >

<!ELEMENT TopPane (Path)>

<!ELEMENT BtmPane ( (Path|WR)?,ASHilite?)>
<!ATTLIST BtmPane vType CDATA "HTML">

<!ELEMENT Path ( #PCDATA ) >

<!ELEMENT ASHilite ( #PCDATA ) >

<!ELEMENT WR ( #PCDATA ) >

<!ELEMENT ExtendedInfo ( StepData ) >

<!ATTLIST ExtendedInfo StepType CDATA #REQUIRED>
<!ELEMENT DT (NodeArgs) >
<!ATTLIST DT rID ID #REQUIRED>

<!ELEMENT Summary (Param*)>
<!ATTLIST Summary sTime CDATA #IMPLIED eTime CDATA #IMPLIED passed CDATA #IMPLIED failed CDATA #IMPLIED warnings CDATA #IMPLIED retval CDATA #IMPLIED stopped (False|True) "False" >

<!ELEMENT Param (ParamName,ParamVal)+ >
<!ATTLIST Param paramInOut (In|Out) "In">

<!ELEMENT ParamName ( #PCDATA ) >

<!ELEMENT ParamVal ( #PCDATA ) >

]
>
<Report ver="2.0" tmZone="India Standard Time">
<General productName="Vugen" productVer="12" os="" host="PIYUSH-PC"><DocLocation><![CDATA[C:\Users\piyush.gaharwar22gma\Documents\VuGen\Scripts for Expleo\BP01_PaySystems]]></DocLocation></General>
<Doc rID="T1"   productName= "Vugen"  >
<DName><![CDATA[BP01_PaySystems]]></DName>
<Res><![CDATA[result1]]></Res>
<Action rID="T2">
<AName><![CDATA[vuser_init]]></AName>
<Step rID="T3">
<Obj plainTxt="False" ><![CDATA[Service: Reg Save Param Ex]]></Obj>
<Details plainTxt="False" ><![CDATA[<CENTER>TargetParam = <STRONG><FONT COLOR=#00AF00>c_unitID</FONT></STRONG><BR>Left Boundary = <STRONG><FONT COLOR=#00AF00>LB=themeId = "</FONT></STRONG><BR>Right Boundary = <STRONG><FONT COLOR=#00AF00>RB=";
</FONT></STRONG><BR>Instance = <STRONG><FONT COLOR=#00AF00>Argument omitted</FONT></STRONG></CENTER>]]></Details>
<Time><![CDATA[15-08-2019 - 02:03:31]]></Time>
<TimeTick>1565814811</TimeTick>
<NodeArgs eType="General" icon="3" nRep="6" >
<Disp><![CDATA[Service: Reg Save Param Ex]]></Disp>
</NodeArgs>
</Step>
<Step rID="T4">
<Obj plainTxt="False" ><![CDATA[Service: Reg Save Param Ex]]></Obj>
<Details plainTxt="False" ><![CDATA[<CENTER>TargetParam = <STRONG><FONT COLOR=#00AF00>c_kID</FONT></STRONG><BR>Left Boundary = <STRONG><FONT COLOR=#00AF00>LB=revision </FONT></STRONG><BR>Right Boundary = <STRONG><FONT COLOR=#00AF00>RB=) registered</FONT></STRONG><BR>Instance = <STRONG><FONT COLOR=#00AF00>Argument omitted</FONT></STRONG></CENTER>]]></Details>
<Time><![CDATA[15-08-2019 - 02:03:31]]></Time>
<TimeTick>1565814811</TimeTick>
<NodeArgs eType="General" icon="3" nRep="7" >
<Disp><![CDATA[Service: Reg Save Param Ex]]></Disp>
</NodeArgs>
</Step>
<Step rID="T5">
<Obj plainTxt="False" ><![CDATA[Service: Set Sockets Option]]></Obj>
<Details plainTxt="False" ><![CDATA[<CENTER>Set socket option <STRONG><FONT COLOR=#00AF00>SSL_VERSION</FONT></STRONG> with value <STRONG><FONT COLOR=#00AF00>TLS1.2</FONT></STRONG></CENTER>]]></Details>
<Time><![CDATA[15-08-2019 - 02:03:31]]></Time>
<TimeTick>1565814811</TimeTick>
<NodeArgs eType="General" icon="4" nRep="8" >
<Disp><![CDATA[Service: Set Sockets Option]]></Disp>
</NodeArgs>
</Step>
<Step rID="T6">
<Obj plainTxt="False" ><![CDATA[Service: Reg Save Param Ex]]></Obj>
<Details plainTxt="False" ><![CDATA[<CENTER>TargetParam = <STRONG><FONT COLOR=#00AF00>c_languageId</FONT></STRONG><BR>Left Boundary = <STRONG><FONT COLOR=#00AF00>LB=languageId = "</FONT></STRONG><BR>Right Boundary = <STRONG><FONT COLOR=#00AF00>RB=";</FONT></STRONG><BR>Instance = <STRONG><FONT COLOR=#00AF00>Argument omitted</FONT></STRONG></CENTER>]]></Details>
<Time><![CDATA[15-08-2019 - 02:03:31]]></Time>
<TimeTick>1565814811</TimeTick>
<NodeArgs eType="General" icon="3" nRep="9" >
<Disp><![CDATA[Service: Reg Save Param Ex]]></Disp>
</NodeArgs>
</Step>
<Step rID="T7">
<Obj plainTxt="False" ><![CDATA[Url: Network01]]></Obj>
<Details plainTxt="False" ><![CDATA[<CENTER><STRONG><FONT COLOR=#009A63>Step completed successfully</FONT></STRONG></CENTER>]]></Details>
<Time><![CDATA[15-08-2019 - 02:03:32]]></Time>
<TimeTick>1565814812</TimeTick>
<NodeArgs eType="General" icon="5" nRep="10" status="Passed" >
<Disp><![CDATA[Url: Network01]]></Disp>
<BtmPane vType="HTMLSNSH" >
<Path><![CDATA[\Iteration1\t4.inf]]></Path>
</BtmPane>
</NodeArgs>
</Step>
<Step rID="T8">
<Obj plainTxt="False" ><![CDATA[Service: Add Auto Header]]></Obj>
<Details plainTxt="False" ><![CDATA[<CENTER>Add the following header to all subsequent HTTP requests :<BR><STRONG><FONT COLOR=#00AF00>Channel: main</FONT></STRONG></CENTER>]]></Details>
<Time><![CDATA[15-08-2019 - 02:03:32]]></Time>
<TimeTick>1565814812</TimeTick>
<NodeArgs eType="General" icon="6" nRep="11" >
<Disp><![CDATA[Service: Add Auto Header]]></Disp>
</NodeArgs>
</Step>
<Step rID="T9">
<Obj plainTxt="False" ><![CDATA[Service: Add Header]]></Obj>
<Details plainTxt="False" ><![CDATA[<CENTER>Add the following header to the next HTTP request :<BR><STRONG><FONT COLOR=#00AF00>Origin: http://cyclos-dev-loadbalancer-568615165.eu-west-1.elb.amazonaws.com</FONT></STRONG></CENTER>]]></Details>
<Time><![CDATA[15-08-2019 - 02:03:32]]></Time>
<TimeTick>1565814812</TimeTick>
<NodeArgs eType="General" icon="7" nRep="12" >
<Disp><![CDATA[Service: Add Header]]></Disp>
</NodeArgs>
</Step>
<Step rID="T10">
<Obj plainTxt="False" ><![CDATA[Service: Reg Save Param Json]]></Obj>
<Details plainTxt="False" ><![CDATA[<CENTER>ParamName = <STRONG><FONT COLOR=#00AF00>c_usertodebitID</FONT></STRONG><BR>QueryString = <STRONG><FONT COLOR=#00AF00>$.result.guestData.possibleInitialGroups[0].id</FONT></STRONG></CENTER>]]></Details>
<Time><![CDATA[15-08-2019 - 02:03:32]]></Time>
<TimeTick>1565814812</TimeTick>
<NodeArgs eType="General" icon="3" nRep="13" >
<Disp><![CDATA[Service: Reg Save Param Json]]></Disp>
</NodeArgs>
</Step>
<Step rID="T11">
<Obj plainTxt="False" ><![CDATA[Custom Request: initializationService]]></Obj>
<Details plainTxt="False" ><![CDATA[<CENTER><STRONG><FONT COLOR=#009A63>Step completed successfully</FONT></STRONG></CENTER>]]></Details>
<Time><![CDATA[15-08-2019 - 02:03:32]]></Time>
<TimeTick>1565814812</TimeTick>
<NodeArgs eType="General" icon="8" nRep="14" status="Passed" >
<Disp><![CDATA[Custom Request: initializationService]]></Disp>
<BtmPane vType="HTMLSNSH" >
<Path><![CDATA[\Iteration1\t6.inf]]></Path>
</BtmPane>
</NodeArgs>
</Step>
<Step rID="T12">
<Obj plainTxt="False" ><![CDATA[Url: loadTranslations]]></Obj>
<Details plainTxt="False" ><![CDATA[<CENTER><STRONG><FONT COLOR=#009A63>Step completed successfully</FONT></STRONG></CENTER>]]></Details>
<Time><![CDATA[15-08-2019 - 02:03:32]]></Time>
<TimeTick>1565814812</TimeTick>
<NodeArgs eType="General" icon="5" nRep="15" status="Passed" >
<Disp><![CDATA[Url: loadTranslations]]></Disp>
<BtmPane vType="HTMLSNSH" >
<Path><![CDATA[\Iteration1\t7.inf]]></Path>
</BtmPane>
</NodeArgs>
</Step>
<Step rID="T13">
<Obj plainTxt="False" ><![CDATA[Service: Reg Find]]></Obj>
<Details plainTxt="False" ><![CDATA[<CENTER><STRONG><FONT COLOR=#00AF00>Text=Welcome to Network 01</FONT></STRONG></CENTER>]]></Details>
<Time><![CDATA[15-08-2019 - 02:03:32]]></Time>
<TimeTick>1565814812</TimeTick>
<NodeArgs eType="General" icon="9" nRep="16" >
<Disp><![CDATA[Service: Reg Find]]></Disp>
</NodeArgs>
</Step>
<Step rID="T14">
<Obj plainTxt="False" ><![CDATA[Service: Add Header]]></Obj>
<Details plainTxt="False" ><![CDATA[<CENTER>Add the following header to the next HTTP request :<BR><STRONG><FONT COLOR=#00AF00>Origin: http://cyclos-dev-loadbalancer-568615165.eu-west-1.elb.amazonaws.com</FONT></STRONG></CENTER>]]></Details>
<Time><![CDATA[15-08-2019 - 02:03:32]]></Time>
<TimeTick>1565814812</TimeTick>
<NodeArgs eType="General" icon="7" nRep="17" >
<Disp><![CDATA[Service: Add Header]]></Disp>
</NodeArgs>
</Step>
<Step rID="T15">
<Obj plainTxt="False" ><![CDATA[Custom Request: initializationService_2]]></Obj>
<Details plainTxt="False" ><![CDATA[<CENTER><STRONG><FONT COLOR=#009A63>Step completed successfully</FONT></STRONG></CENTER>]]></Details>
<Time><![CDATA[15-08-2019 - 02:03:32]]></Time>
<TimeTick>1565814812</TimeTick>
<NodeArgs eType="General" icon="8" nRep="18" status="Passed" >
<Disp><![CDATA[Custom Request: initializationService_2]]></Disp>
<BtmPane vType="HTMLSNSH" >
<Path><![CDATA[\Iteration1\t8.inf]]></Path>
</BtmPane>
</NodeArgs>
</Step>
<Step rID="T16">
<Obj plainTxt="False" ><![CDATA[Service: Reg Find]]></Obj>
<Details plainTxt="False" ><![CDATA[<CENTER><STRONG><FONT COLOR=#00AF00>Text=System login</FONT></STRONG></CENTER>]]></Details>
<Time><![CDATA[15-08-2019 - 02:03:37]]></Time>
<TimeTick>1565814817</TimeTick>
<NodeArgs eType="General" icon="9" nRep="19" >
<Disp><![CDATA[Service: Reg Find]]></Disp>
</NodeArgs>
</Step>
<Step rID="T17">
<Obj plainTxt="False" ><![CDATA[Url: loadTranslations_2]]></Obj>
<Details plainTxt="False" ><![CDATA[<CENTER><STRONG><FONT COLOR=#009A63>Step completed successfully</FONT></STRONG></CENTER>]]></Details>
<Time><![CDATA[15-08-2019 - 02:03:37]]></Time>
<TimeTick>1565814817</TimeTick>
<NodeArgs eType="General" icon="5" nRep="20" status="Passed" >
<Disp><![CDATA[Url: loadTranslations_2]]></Disp>
<BtmPane vType="HTMLSNSH" >
<Path><![CDATA[\Iteration1\t9.inf]]></Path>
</BtmPane>
</NodeArgs>
</Step>
<Step rID="T18">
<Obj plainTxt="False" ><![CDATA[Service: Add Auto Header]]></Obj>
<Details plainTxt="False" ><![CDATA[<CENTER>Add the following header to all subsequent HTTP requests :<BR><STRONG><FONT COLOR=#00AF00>Origin: http://cyclos-dev-loadbalancer-568615165.eu-west-1.elb.amazonaws.com</FONT></STRONG></CENTER>]]></Details>
<Time><![CDATA[15-08-2019 - 02:03:42]]></Time>
<TimeTick>1565814822</TimeTick>
<NodeArgs eType="General" icon="6" nRep="21" >
<Disp><![CDATA[Service: Add Auto Header]]></Disp>
</NodeArgs>
</Step>
<Step rID="T19">
<Obj plainTxt="False" ><![CDATA[Service: Reg Save Param]]></Obj>
<Details plainTxt="False" ><![CDATA[<CENTER>ParamName =<STRONG><FONT COLOR=#00AF00>c_sessionID</FONT></STRONG><BR>Left Boundary = <STRONG><FONT COLOR=#00AF00>LB=</FONT></STRONG><BR>Right Boundary = <STRONG><FONT COLOR=#00AF00>RB=</FONT></STRONG><BR>Instance = <STRONG><FONT COLOR=#00AF00>Ord=1</FONT></STRONG></CENTER>]]></Details>
<Time><![CDATA[15-08-2019 - 02:03:42]]></Time>
<TimeTick>1565814822</TimeTick>
<NodeArgs eType="General" icon="3" nRep="22" >
<Disp><![CDATA[Service: Reg Save Param]]></Disp>
</NodeArgs>
</Step>
<Step rID="T20">
<Obj plainTxt="False" ><![CDATA[Submit Data: login]]></Obj>
<Details plainTxt="False" ><![CDATA[<CENTER><STRONG><FONT COLOR=#009A63>Step completed successfully</FONT></STRONG></CENTER>]]></Details>
<Time><![CDATA[15-08-2019 - 02:03:43]]></Time>
<TimeTick>1565814823</TimeTick>
<NodeArgs eType="General" icon="10" nRep="23" status="Passed" >
<Disp><![CDATA[Submit Data: login]]></Disp>
<BtmPane vType="HTMLSNSH" >
<Path><![CDATA[\Iteration1\t10.inf]]></Path>
</BtmPane>
</NodeArgs>
</Step>
<Step rID="T21">
<Obj plainTxt="False" ><![CDATA[Service: Add Header]]></Obj>
<Details plainTxt="False" ><![CDATA[<CENTER>Add the following header to the next HTTP request :<BR><STRONG><FONT COLOR=#00AF00>Session-Prefix: LlvGf5KSQyL40nPY</FONT></STRONG></CENTER>]]></Details>
<Time><![CDATA[15-08-2019 - 02:03:43]]></Time>
<TimeTick>1565814823</TimeTick>
<NodeArgs eType="General" icon="7" nRep="24" >
<Disp><![CDATA[Service: Add Header]]></Disp>
</NodeArgs>
</Step>
<Step rID="T22">
<Obj plainTxt="False" ><![CDATA[Service: Reg Save Param Json]]></Obj>
<Details plainTxt="False" ><![CDATA[<CENTER>ParamName = <STRONG><FONT COLOR=#00AF00>c_userID_1</FONT></STRONG><BR>QueryString = <STRONG><FONT COLOR=#00AF00>$.result.userData.visibleAccounts[0].owner.id</FONT></STRONG></CENTER>]]></Details>
<Time><![CDATA[15-08-2019 - 02:03:43]]></Time>
<TimeTick>1565814823</TimeTick>
<NodeArgs eType="General" icon="3" nRep="25" >
<Disp><![CDATA[Service: Reg Save Param Json]]></Disp>
</NodeArgs>
</Step>
<Step rID="T23">
<Obj plainTxt="False" ><![CDATA[Service: Reg Save Param Json]]></Obj>
<Details plainTxt="False" ><![CDATA[<CENTER>ParamName = <STRONG><FONT COLOR=#00AF00>c_userId_2</FONT></STRONG><BR>QueryString = <STRONG><FONT COLOR=#00AF00>$.result.userData.visibleAccounts[0].id</FONT></STRONG></CENTER>]]></Details>
<Time><![CDATA[15-08-2019 - 02:03:43]]></Time>
<TimeTick>1565814823</TimeTick>
<NodeArgs eType="General" icon="3" nRep="26" >
<Disp><![CDATA[Service: Reg Save Param Json]]></Disp>
</NodeArgs>
</Step>
<Step rID="T24">
<Obj plainTxt="False" ><![CDATA[Service: Reg Save Param Json]]></Obj>
<Details plainTxt="False" ><![CDATA[<CENTER>ParamName = <STRONG><FONT COLOR=#00AF00>c_userID_3</FONT></STRONG><BR>QueryString = <STRONG><FONT COLOR=#00AF00>$.result.userData.visibleAccounts[0].type.id</FONT></STRONG></CENTER>]]></Details>
<Time><![CDATA[15-08-2019 - 02:03:43]]></Time>
<TimeTick>1565814823</TimeTick>
<NodeArgs eType="General" icon="3" nRep="27" >
<Disp><![CDATA[Service: Reg Save Param Json]]></Disp>
</NodeArgs>
</Step>
<Step rID="T25">
<Obj plainTxt="False" ><![CDATA[Custom Request: initializationService_3]]></Obj>
<Details plainTxt="False" ><![CDATA[<CENTER><STRONG><FONT COLOR=#009A63>Step completed successfully</FONT></STRONG></CENTER>]]></Details>
<Time><![CDATA[15-08-2019 - 02:03:43]]></Time>
<TimeTick>1565814823</TimeTick>
<NodeArgs eType="General" icon="8" nRep="28" status="Passed" >
<Disp><![CDATA[Custom Request: initializationService_3]]></Disp>
<BtmPane vType="HTMLSNSH" >
<Path><![CDATA[\Iteration1\t14.inf]]></Path>
</BtmPane>
</NodeArgs>
</Step>
<Step rID="T26">
<Obj plainTxt="False" ><![CDATA[Service: Add Header]]></Obj>
<Details plainTxt="False" ><![CDATA[<CENTER>Add the following header to the next HTTP request :<BR><STRONG><FONT COLOR=#00AF00>Session-Prefix: LlvGf5KSQyL40nPY</FONT></STRONG></CENTER>]]></Details>
<Time><![CDATA[15-08-2019 - 02:03:43]]></Time>
<TimeTick>1565814823</TimeTick>
<NodeArgs eType="General" icon="7" nRep="29" >
<Disp><![CDATA[Service: Add Header]]></Disp>
</NodeArgs>
</Step>
<Step rID="T27">
<Obj plainTxt="False" ><![CDATA[Service: Reg Find]]></Obj>
<Details plainTxt="False" ><![CDATA[<CENTER><STRONG><FONT COLOR=#00AF00>Text=Network home page</FONT></STRONG></CENTER>]]></Details>
<Time><![CDATA[15-08-2019 - 02:03:43]]></Time>
<TimeTick>1565814823</TimeTick>
<NodeArgs eType="General" icon="9" nRep="30" >
<Disp><![CDATA[Service: Reg Find]]></Disp>
</NodeArgs>
</Step>
<Step rID="T28">
<Obj plainTxt="False" ><![CDATA[Custom Request: initializationService_4]]></Obj>
<Details plainTxt="False" ><![CDATA[<CENTER><STRONG><FONT COLOR=#009A63>Step completed successfully</FONT></STRONG></CENTER>]]></Details>
<Time><![CDATA[15-08-2019 - 02:03:43]]></Time>
<TimeTick>1565814823</TimeTick>
<NodeArgs eType="General" icon="8" nRep="31" status="Passed" >
<Disp><![CDATA[Custom Request: initializationService_4]]></Disp>
<BtmPane vType="HTMLSNSH" >
<Path><![CDATA[\Iteration1\t15.inf]]></Path>
</BtmPane>
</NodeArgs>
</Step>
<Summary sTime="15-08-2019 - 02:03:31" eTime="15-08-2019 - 02:03:48" passed="8" failed="0" warnings="0" ></Summary>
<NodeArgs eType="StartAction" icon="2" nRep="5" status="Passed" >
<Disp><![CDATA[vuser_init Summary]]></Disp>
</NodeArgs>
</Action>
<DIter rID="T29" iterID="1" >
<Action rID="T30">
<AName><![CDATA[Action]]></AName>
<Step rID="T31">
<Obj plainTxt="False" ><![CDATA[Service: Add Header]]></Obj>
<Details plainTxt="False" ><![CDATA[<CENTER>Add the following header to the next HTTP request :<BR><STRONG><FONT COLOR=#00AF00>Session-Prefix: LlvGf5KSQyL40nPY</FONT></STRONG></CENTER>]]></Details>
<Time><![CDATA[15-08-2019 - 02:03:48]]></Time>
<TimeTick>1565814828</TimeTick>
<NodeArgs eType="General" icon="7" nRep="35" >
<Disp><![CDATA[Service: Add Header]]></Disp>
</NodeArgs>
</Step>
<Step rID="T32">
<Obj plainTxt="False" ><![CDATA[Url: loadTranslations_3]]></Obj>
<Details plainTxt="False" ><![CDATA[<CENTER><STRONG><FONT COLOR=#009A63>Step completed successfully</FONT></STRONG></CENTER>]]></Details>
<Time><![CDATA[15-08-2019 - 02:03:48]]></Time>
<TimeTick>1565814828</TimeTick>
<NodeArgs eType="General" icon="5" nRep="36" status="Passed" >
<Disp><![CDATA[Url: loadTranslations_3]]></Disp>
<BtmPane vType="HTMLSNSH" >
<Path><![CDATA[\Iteration1\t16.inf]]></Path>
</BtmPane>
</NodeArgs>
</Step>
<Step rID="T33">
<Obj plainTxt="False" ><![CDATA[Service: Add Header]]></Obj>
<Details plainTxt="False" ><![CDATA[<CENTER>Add the following header to the next HTTP request :<BR><STRONG><FONT COLOR=#00AF00>Origin: http://cyclos-dev-loadbalancer-568615165.eu-west-1.elb.amazonaws.com</FONT></STRONG></CENTER>]]></Details>
<Time><![CDATA[15-08-2019 - 02:03:48]]></Time>
<TimeTick>1565814828</TimeTick>
<NodeArgs eType="General" icon="7" nRep="37" >
<Disp><![CDATA[Service: Add Header]]></Disp>
</NodeArgs>
</Step>
<Step rID="T34">
<Obj plainTxt="False" ><![CDATA[Service: Add Header]]></Obj>
<Details plainTxt="False" ><![CDATA[<CENTER>Add the following header to the next HTTP request :<BR><STRONG><FONT COLOR=#00AF00>Session-Prefix: LlvGf5KSQyL40nPY</FONT></STRONG></CENTER>]]></Details>
<Time><![CDATA[15-08-2019 - 02:03:48]]></Time>
<TimeTick>1565814828</TimeTick>
<NodeArgs eType="General" icon="7" nRep="38" >
<Disp><![CDATA[Service: Add Header]]></Disp>
</NodeArgs>
</Step>
<Step rID="T35">
<Obj plainTxt="False" ><![CDATA[Service: Reg Save Param Json]]></Obj>
<Details plainTxt="False" ><![CDATA[<CENTER>ParamName = <STRONG><FONT COLOR=#00AF00>c_beforebalance</FONT></STRONG><BR>QueryString = <STRONG><FONT COLOR=#00AF00>$.result.[0].status.availableBalance</FONT></STRONG></CENTER>]]></Details>
<Time><![CDATA[15-08-2019 - 02:03:48]]></Time>
<TimeTick>1565814828</TimeTick>
<NodeArgs eType="General" icon="3" nRep="39" >
<Disp><![CDATA[Service: Reg Save Param Json]]></Disp>
</NodeArgs>
</Step>
<Step rID="T36">
<Obj plainTxt="False" ><![CDATA[Custom Request: accountService]]></Obj>
<Details plainTxt="False" ><![CDATA[<CENTER><STRONG><FONT COLOR=#009A63>Step completed successfully</FONT></STRONG></CENTER>]]></Details>
<Time><![CDATA[15-08-2019 - 02:03:48]]></Time>
<TimeTick>1565814828</TimeTick>
<NodeArgs eType="General" icon="8" nRep="40" status="Passed" >
<Disp><![CDATA[Custom Request: accountService]]></Disp>
<BtmPane vType="HTMLSNSH" >
<Path><![CDATA[\Iteration1\t18.inf]]></Path>
</BtmPane>
</NodeArgs>
</Step>
<Step rID="T37">
<Obj plainTxt="False" ><![CDATA[Service: Add Header]]></Obj>
<Details plainTxt="False" ><![CDATA[<CENTER>Add the following header to the next HTTP request :<BR><STRONG><FONT COLOR=#00AF00>Session-Prefix: LlvGf5KSQyL40nPY</FONT></STRONG></CENTER>]]></Details>
<Time><![CDATA[15-08-2019 - 02:03:48]]></Time>
<TimeTick>1565814828</TimeTick>
<NodeArgs eType="General" icon="7" nRep="41" >
<Disp><![CDATA[Service: Add Header]]></Disp>
</NodeArgs>
</Step>
<Step rID="T38">
<Obj plainTxt="False" ><![CDATA[Url: loadTranslations_4]]></Obj>
<Details plainTxt="False" ><![CDATA[<CENTER><STRONG><FONT COLOR=#009A63>Step completed successfully</FONT></STRONG></CENTER>]]></Details>
<Time><![CDATA[15-08-2019 - 02:03:48]]></Time>
<TimeTick>1565814828</TimeTick>
<NodeArgs eType="General" icon="5" nRep="42" status="Passed" >
<Disp><![CDATA[Url: loadTranslations_4]]></Disp>
<BtmPane vType="HTMLSNSH" >
<Path><![CDATA[\Iteration1\t19.inf]]></Path>
</BtmPane>
</NodeArgs>
</Step>
<Step rID="T39">
<Obj plainTxt="False" ><![CDATA[Service: Add Auto Header]]></Obj>
<Details plainTxt="False" ><![CDATA[<CENTER>Add the following header to all subsequent HTTP requests :<BR><STRONG><FONT COLOR=#00AF00>Origin: http://cyclos-dev-loadbalancer-568615165.eu-west-1.elb.amazonaws.com</FONT></STRONG></CENTER>]]></Details>
<Time><![CDATA[15-08-2019 - 02:03:48]]></Time>
<TimeTick>1565814828</TimeTick>
<NodeArgs eType="General" icon="6" nRep="43" >
<Disp><![CDATA[Service: Add Auto Header]]></Disp>
</NodeArgs>
</Step>
<Step rID="T40">
<Obj plainTxt="False" ><![CDATA[Service: Add Header]]></Obj>
<Details plainTxt="False" ><![CDATA[<CENTER>Add the following header to the next HTTP request :<BR><STRONG><FONT COLOR=#00AF00>Session-Prefix: LlvGf5KSQyL40nPY</FONT></STRONG></CENTER>]]></Details>
<Time><![CDATA[15-08-2019 - 02:03:48]]></Time>
<TimeTick>1565814828</TimeTick>
<NodeArgs eType="General" icon="7" nRep="44" >
<Disp><![CDATA[Service: Add Header]]></Disp>
</NodeArgs>
</Step>
<Step rID="T41">
<Obj plainTxt="False" ><![CDATA[Custom Request: accountService_2]]></Obj>
<Details plainTxt="False" ><![CDATA[<CENTER><STRONG><FONT COLOR=#009A63>Step completed successfully</FONT></STRONG></CENTER>]]></Details>
<Time><![CDATA[15-08-2019 - 02:03:49]]></Time>
<TimeTick>1565814829</TimeTick>
<NodeArgs eType="General" icon="8" nRep="45" status="Passed" >
<Disp><![CDATA[Custom Request: accountService_2]]></Disp>
<BtmPane vType="HTMLSNSH" >
<Path><![CDATA[\Iteration1\t20.inf]]></Path>
</BtmPane>
</NodeArgs>
</Step>
<Step rID="T42">
<Obj plainTxt="False" ><![CDATA[Service: Add Header]]></Obj>
<Details plainTxt="False" ><![CDATA[<CENTER>Add the following header to the next HTTP request :<BR><STRONG><FONT COLOR=#00AF00>Session-Prefix: LlvGf5KSQyL40nPY</FONT></STRONG></CENTER>]]></Details>
<Time><![CDATA[15-08-2019 - 02:03:49]]></Time>
<TimeTick>1565814829</TimeTick>
<NodeArgs eType="General" icon="7" nRep="46" >
<Disp><![CDATA[Service: Add Header]]></Disp>
</NodeArgs>
</Step>
<Step rID="T43">
<Obj plainTxt="False" ><![CDATA[Service: Reg Find]]></Obj>
<Details plainTxt="False" ><![CDATA[<CENTER><STRONG><FONT COLOR=#00AF00>Text=Member account</FONT></STRONG></CENTER>]]></Details>
<Time><![CDATA[15-08-2019 - 02:03:49]]></Time>
<TimeTick>1565814829</TimeTick>
<NodeArgs eType="General" icon="9" nRep="47" >
<Disp><![CDATA[Service: Reg Find]]></Disp>
</NodeArgs>
</Step>
<Step rID="T44">
<Obj plainTxt="False" ><![CDATA[Custom Request: accountService_3]]></Obj>
<Details plainTxt="False" ><![CDATA[<CENTER><STRONG><FONT COLOR=#009A63>Step completed successfully</FONT></STRONG></CENTER>]]></Details>
<Time><![CDATA[15-08-2019 - 02:03:49]]></Time>
<TimeTick>1565814829</TimeTick>
<NodeArgs eType="General" icon="8" nRep="48" status="Passed" >
<Disp><![CDATA[Custom Request: accountService_3]]></Disp>
<BtmPane vType="HTMLSNSH" >
<Path><![CDATA[\Iteration1\t21.inf]]></Path>
</BtmPane>
</NodeArgs>
</Step>
<Step rID="T45">
<Obj plainTxt="False" ><![CDATA[Service: Add Header]]></Obj>
<Details plainTxt="False" ><![CDATA[<CENTER>Add the following header to the next HTTP request :<BR><STRONG><FONT COLOR=#00AF00>Session-Prefix: LlvGf5KSQyL40nPY</FONT></STRONG></CENTER>]]></Details>
<Time><![CDATA[15-08-2019 - 02:03:49]]></Time>
<TimeTick>1565814829</TimeTick>
<NodeArgs eType="General" icon="7" nRep="49" >
<Disp><![CDATA[Service: Add Header]]></Disp>
</NodeArgs>
</Step>
<Step rID="T46">
<Obj plainTxt="False" ><![CDATA[Service: Add Header]]></Obj>
<Details plainTxt="False" ><![CDATA[<CENTER>Add the following header to the next HTTP request :<BR><STRONG><FONT COLOR=#00AF00>Origin: http://cyclos-dev-loadbalancer-568615165.eu-west-1.elb.amazonaws.com</FONT></STRONG></CENTER>]]></Details>
<Time><![CDATA[15-08-2019 - 02:03:49]]></Time>
<TimeTick>1565814829</TimeTick>
<NodeArgs eType="General" icon="7" nRep="50" >
<Disp><![CDATA[Service: Add Header]]></Disp>
</NodeArgs>
</Step>
<Step rID="T47">
<Obj plainTxt="False" ><![CDATA[Custom Request: accountService_4]]></Obj>
<Details plainTxt="False" ><![CDATA[<CENTER><STRONG><FONT COLOR=#009A63>Step completed successfully</FONT></STRONG></CENTER>]]></Details>
<Time><![CDATA[15-08-2019 - 02:03:49]]></Time>
<TimeTick>1565814829</TimeTick>
<NodeArgs eType="General" icon="8" nRep="51" status="Passed" >
<Disp><![CDATA[Custom Request: accountService_4]]></Disp>
<BtmPane vType="HTMLSNSH" >
<Path><![CDATA[\Iteration1\t22.inf]]></Path>
</BtmPane>
</NodeArgs>
</Step>
<Step rID="T48">
<Obj plainTxt="False" ><![CDATA[Service: Add Auto Header]]></Obj>
<Details plainTxt="False" ><![CDATA[<CENTER>Add the following header to all subsequent HTTP requests :<BR><STRONG><FONT COLOR=#00AF00>Session-Prefix: LlvGf5KSQyL40nPY</FONT></STRONG></CENTER>]]></Details>
<Time><![CDATA[15-08-2019 - 02:03:54]]></Time>
<TimeTick>1565814834</TimeTick>
<NodeArgs eType="General" icon="6" nRep="52" >
<Disp><![CDATA[Service: Add Auto Header]]></Disp>
</NodeArgs>
</Step>
<Step rID="T49">
<Obj plainTxt="False" ><![CDATA[Url: loadTranslations_5]]></Obj>
<Details plainTxt="False" ><![CDATA[<CENTER><STRONG><FONT COLOR=#009A63>Step completed successfully</FONT></STRONG></CENTER>]]></Details>
<Time><![CDATA[15-08-2019 - 02:03:54]]></Time>
<TimeTick>1565814834</TimeTick>
<NodeArgs eType="General" icon="5" nRep="53" status="Passed" >
<Disp><![CDATA[Url: loadTranslations_5]]></Disp>
<BtmPane vType="HTMLSNSH" >
<Path><![CDATA[\Iteration1\t23.inf]]></Path>
</BtmPane>
</NodeArgs>
</Step>
<Step rID="T50">
<Obj plainTxt="False" ><![CDATA[Service: Add Auto Header]]></Obj>
<Details plainTxt="False" ><![CDATA[<CENTER>Add the following header to all subsequent HTTP requests :<BR><STRONG><FONT COLOR=#00AF00>Origin: http://cyclos-dev-loadbalancer-568615165.eu-west-1.elb.amazonaws.com</FONT></STRONG></CENTER>]]></Details>
<Time><![CDATA[15-08-2019 - 02:03:54]]></Time>
<TimeTick>1565814834</TimeTick>
<NodeArgs eType="General" icon="6" nRep="54" >
<Disp><![CDATA[Service: Add Auto Header]]></Disp>
</NodeArgs>
</Step>
<Step rID="T51">
<Obj plainTxt="False" ><![CDATA[Service: Add Header]]></Obj>
<Details plainTxt="False" ><![CDATA[<CENTER>Add the following header to the next HTTP request :<BR><STRONG><FONT COLOR=#00AF00>Session-Prefix: LlvGf5KSQyL40nPY</FONT></STRONG></CENTER>]]></Details>
<Time><![CDATA[15-08-2019 - 02:03:54]]></Time>
<TimeTick>1565814834</TimeTick>
<NodeArgs eType="General" icon="7" nRep="55" >
<Disp><![CDATA[Service: Add Header]]></Disp>
</NodeArgs>
</Step>
<Step rID="T52">
<Obj plainTxt="False" ><![CDATA[Service: Reg Find]]></Obj>
<Details plainTxt="False" ><![CDATA[<CENTER><STRONG><FONT COLOR=#00AF00>Text=Payment to Debit account</FONT></STRONG></CENTER>]]></Details>
<Time><![CDATA[15-08-2019 - 02:03:54]]></Time>
<TimeTick>1565814834</TimeTick>
<NodeArgs eType="General" icon="9" nRep="56" >
<Disp><![CDATA[Service: Reg Find]]></Disp>
</NodeArgs>
</Step>
<Step rID="T53">
<Obj plainTxt="False" ><![CDATA[Custom Request: transactionService]]></Obj>
<Details plainTxt="False" ><![CDATA[<CENTER><STRONG><FONT COLOR=#009A63>Step completed successfully</FONT></STRONG></CENTER>]]></Details>
<Time><![CDATA[15-08-2019 - 02:03:54]]></Time>
<TimeTick>1565814834</TimeTick>
<NodeArgs eType="General" icon="8" nRep="57" status="Passed" >
<Disp><![CDATA[Custom Request: transactionService]]></Disp>
<BtmPane vType="HTMLSNSH" >
<Path><![CDATA[\Iteration1\t24.inf]]></Path>
</BtmPane>
</NodeArgs>
</Step>
<Step rID="T54">
<Obj plainTxt="False" ><![CDATA[Service: Add Header]]></Obj>
<Details plainTxt="False" ><![CDATA[<CENTER>Add the following header to the next HTTP request :<BR><STRONG><FONT COLOR=#00AF00>Session-Prefix: LlvGf5KSQyL40nPY</FONT></STRONG></CENTER>]]></Details>
<Time><![CDATA[15-08-2019 - 02:03:54]]></Time>
<TimeTick>1565814834</TimeTick>
<NodeArgs eType="General" icon="7" nRep="58" >
<Disp><![CDATA[Service: Add Header]]></Disp>
</NodeArgs>
</Step>
<Step rID="T55">
<Obj plainTxt="False" ><![CDATA[Custom Request: transactionService_2]]></Obj>
<Details plainTxt="False" ><![CDATA[<CENTER><STRONG><FONT COLOR=#009A63>Step completed successfully</FONT></STRONG></CENTER>]]></Details>
<Time><![CDATA[15-08-2019 - 02:03:55]]></Time>
<TimeTick>1565814835</TimeTick>
<NodeArgs eType="General" icon="8" nRep="59" status="Passed" >
<Disp><![CDATA[Custom Request: transactionService_2]]></Disp>
<BtmPane vType="HTMLSNSH" >
<Path><![CDATA[\Iteration1\t25.inf]]></Path>
</BtmPane>
</NodeArgs>
</Step>
<Step rID="T56">
<Obj plainTxt="False" ><![CDATA[Service: Add Header]]></Obj>
<Details plainTxt="False" ><![CDATA[<CENTER>Add the following header to the next HTTP request :<BR><STRONG><FONT COLOR=#00AF00>Session-Prefix: LlvGf5KSQyL40nPY</FONT></STRONG></CENTER>]]></Details>
<Time><![CDATA[15-08-2019 - 02:04:00]]></Time>
<TimeTick>1565814840</TimeTick>
<NodeArgs eType="General" icon="7" nRep="60" >
<Disp><![CDATA[Service: Add Header]]></Disp>
</NodeArgs>
</Step>
<Step rID="T57">
<Obj plainTxt="False" ><![CDATA[Custom Request: paymentService]]></Obj>
<Details plainTxt="False" ><![CDATA[<CENTER><STRONG><FONT COLOR=#009A63>Step completed successfully</FONT></STRONG></CENTER>]]></Details>
<Time><![CDATA[15-08-2019 - 02:04:00]]></Time>
<TimeTick>1565814840</TimeTick>
<NodeArgs eType="General" icon="8" nRep="61" status="Passed" >
<Disp><![CDATA[Custom Request: paymentService]]></Disp>
<BtmPane vType="HTMLSNSH" >
<Path><![CDATA[\Iteration1\t26.inf]]></Path>
</BtmPane>
</NodeArgs>
</Step>
<Step rID="T58">
<Obj plainTxt="False" ><![CDATA[Service: Add Header]]></Obj>
<Details plainTxt="False" ><![CDATA[<CENTER>Add the following header to the next HTTP request :<BR><STRONG><FONT COLOR=#00AF00>Session-Prefix: LlvGf5KSQyL40nPY</FONT></STRONG></CENTER>]]></Details>
<Time><![CDATA[15-08-2019 - 02:04:00]]></Time>
<TimeTick>1565814840</TimeTick>
<NodeArgs eType="General" icon="7" nRep="62" >
<Disp><![CDATA[Service: Add Header]]></Disp>
</NodeArgs>
</Step>
<Step rID="T59">
<Obj plainTxt="False" ><![CDATA[Service: Reg Find]]></Obj>
<Details plainTxt="False" ><![CDATA[<CENTER><STRONG><FONT COLOR=#00AF00>Text=Payment review</FONT></STRONG></CENTER>]]></Details>
<Time><![CDATA[15-08-2019 - 02:04:00]]></Time>
<TimeTick>1565814840</TimeTick>
<NodeArgs eType="General" icon="9" nRep="63" >
<Disp><![CDATA[Service: Reg Find]]></Disp>
</NodeArgs>
</Step>
<Step rID="T60">
<Obj plainTxt="False" ><![CDATA[Service: Add Auto Header]]></Obj>
<Details plainTxt="False" ><![CDATA[<CENTER>Add the following header to all subsequent HTTP requests :<BR><STRONG><FONT COLOR=#00AF00>Session-Prefix: LlvGf5KSQyL40nPY</FONT></STRONG></CENTER>]]></Details>
<Time><![CDATA[15-08-2019 - 02:04:00]]></Time>
<TimeTick>1565814840</TimeTick>
<NodeArgs eType="General" icon="6" nRep="64" >
<Disp><![CDATA[Service: Add Auto Header]]></Disp>
</NodeArgs>
</Step>
<Step rID="T61">
<Obj plainTxt="False" ><![CDATA[Url: loadTranslations_6]]></Obj>
<Details plainTxt="False" ><![CDATA[<CENTER><STRONG><FONT COLOR=#009A63>Step completed successfully</FONT></STRONG></CENTER>]]></Details>
<Time><![CDATA[15-08-2019 - 02:04:00]]></Time>
<TimeTick>1565814840</TimeTick>
<NodeArgs eType="General" icon="5" nRep="65" status="Passed" >
<Disp><![CDATA[Url: loadTranslations_6]]></Disp>
<BtmPane vType="HTMLSNSH" >
<Path><![CDATA[\Iteration1\t27.inf]]></Path>
</BtmPane>
</NodeArgs>
</Step>
<Step rID="T62">
<Obj plainTxt="False" ><![CDATA[Service: Add Header]]></Obj>
<Details plainTxt="False" ><![CDATA[<CENTER>Add the following header to the next HTTP request :<BR><STRONG><FONT COLOR=#00AF00>Session-Prefix: LlvGf5KSQyL40nPY</FONT></STRONG></CENTER>]]></Details>
<Time><![CDATA[15-08-2019 - 02:04:05]]></Time>
<TimeTick>1565814845</TimeTick>
<NodeArgs eType="General" icon="7" nRep="66" >
<Disp><![CDATA[Service: Add Header]]></Disp>
</NodeArgs>
</Step>
<Step rID="T63">
<Obj plainTxt="False" ><![CDATA[Service: Add Header]]></Obj>
<Details plainTxt="False" ><![CDATA[<CENTER>Add the following header to the next HTTP request :<BR><STRONG><FONT COLOR=#00AF00>Origin: http://cyclos-dev-loadbalancer-568615165.eu-west-1.elb.amazonaws.com</FONT></STRONG></CENTER>]]></Details>
<Time><![CDATA[15-08-2019 - 02:04:05]]></Time>
<TimeTick>1565814845</TimeTick>
<NodeArgs eType="General" icon="7" nRep="67" >
<Disp><![CDATA[Service: Add Header]]></Disp>
</NodeArgs>
</Step>
<Step rID="T64">
<Obj plainTxt="False" ><![CDATA[Service: Reg Save Param Json]]></Obj>
<Details plainTxt="False" ><![CDATA[<CENTER>ParamName = <STRONG><FONT COLOR=#00AF00>c_paymentID</FONT></STRONG><BR>QueryString = <STRONG><FONT COLOR=#00AF00>$.result.id</FONT></STRONG></CENTER>]]></Details>
<Time><![CDATA[15-08-2019 - 02:04:05]]></Time>
<TimeTick>1565814845</TimeTick>
<NodeArgs eType="General" icon="3" nRep="68" >
<Disp><![CDATA[Service: Reg Save Param Json]]></Disp>
</NodeArgs>
</Step>
<Step rID="T65">
<Obj plainTxt="False" ><![CDATA[Custom Request: paymentService_2]]></Obj>
<Details plainTxt="False" ><![CDATA[<CENTER><STRONG><FONT COLOR=#009A63>Step completed successfully</FONT></STRONG></CENTER>]]></Details>
<Time><![CDATA[15-08-2019 - 02:04:05]]></Time>
<TimeTick>1565814845</TimeTick>
<NodeArgs eType="General" icon="8" nRep="69" status="Passed" >
<Disp><![CDATA[Custom Request: paymentService_2]]></Disp>
<BtmPane vType="HTMLSNSH" >
<Path><![CDATA[\Iteration1\t29.inf]]></Path>
</BtmPane>
</NodeArgs>
</Step>
<Step rID="T66">
<Obj plainTxt="False" ><![CDATA[Service: Reg Find]]></Obj>
<Details plainTxt="False" ><![CDATA[<CENTER><STRONG><FONT COLOR=#00AF00>Text=The payment was successful</FONT></STRONG></CENTER>]]></Details>
<Time><![CDATA[15-08-2019 - 02:04:05]]></Time>
<TimeTick>1565814845</TimeTick>
<NodeArgs eType="General" icon="9" nRep="70" >
<Disp><![CDATA[Service: Reg Find]]></Disp>
</NodeArgs>
</Step>
<Step rID="T67">
<Obj plainTxt="False" ><![CDATA[Url: loadTranslations_7]]></Obj>
<Details plainTxt="False" ><![CDATA[<CENTER><STRONG><FONT COLOR=#009A63>Step completed successfully</FONT></STRONG></CENTER>]]></Details>
<Time><![CDATA[15-08-2019 - 02:04:05]]></Time>
<TimeTick>1565814845</TimeTick>
<NodeArgs eType="General" icon="5" nRep="71" status="Passed" >
<Disp><![CDATA[Url: loadTranslations_7]]></Disp>
<BtmPane vType="HTMLSNSH" >
<Path><![CDATA[\Iteration1\t30.inf]]></Path>
</BtmPane>
</NodeArgs>
</Step>
<Step rID="T68">
<Obj plainTxt="False" ><![CDATA[Service: Add Auto Header]]></Obj>
<Details plainTxt="False" ><![CDATA[<CENTER>Add the following header to all subsequent HTTP requests :<BR><STRONG><FONT COLOR=#00AF00>Origin: http://cyclos-dev-loadbalancer-568615165.eu-west-1.elb.amazonaws.com</FONT></STRONG></CENTER>]]></Details>
<Time><![CDATA[15-08-2019 - 02:04:05]]></Time>
<TimeTick>1565814845</TimeTick>
<NodeArgs eType="General" icon="6" nRep="72" >
<Disp><![CDATA[Service: Add Auto Header]]></Disp>
</NodeArgs>
</Step>
<Step rID="T69">
<Obj plainTxt="False" ><![CDATA[Custom Request: paymentService_3]]></Obj>
<Details plainTxt="False" ><![CDATA[<CENTER><STRONG><FONT COLOR=#009A63>Step completed successfully</FONT></STRONG></CENTER>]]></Details>
<Time><![CDATA[15-08-2019 - 02:04:06]]></Time>
<TimeTick>1565814846</TimeTick>
<NodeArgs eType="General" icon="8" nRep="73" status="Passed" >
<Disp><![CDATA[Custom Request: paymentService_3]]></Disp>
<BtmPane vType="HTMLSNSH" >
<Path><![CDATA[\Iteration1\t31.inf]]></Path>
</BtmPane>
</NodeArgs>
</Step>
<Step rID="T70">
<Obj plainTxt="False" ><![CDATA[Service: Reg Find]]></Obj>
<Details plainTxt="False" ><![CDATA[<CENTER><STRONG><FONT COLOR=#00AF00>Text=Home</FONT></STRONG></CENTER>]]></Details>
<Time><![CDATA[15-08-2019 - 02:04:11]]></Time>
<TimeTick>1565814851</TimeTick>
<NodeArgs eType="General" icon="9" nRep="74" >
<Disp><![CDATA[Service: Reg Find]]></Disp>
</NodeArgs>
</Step>
<Step rID="T71">
<Obj plainTxt="False" ><![CDATA[Service: Add Auto Header]]></Obj>
<Details plainTxt="False" ><![CDATA[<CENTER>Add the following header to all subsequent HTTP requests :<BR><STRONG><FONT COLOR=#00AF00>Session-Prefix: LlvGf5KSQyL40nPY</FONT></STRONG></CENTER>]]></Details>
<Time><![CDATA[15-08-2019 - 02:04:11]]></Time>
<TimeTick>1565814851</TimeTick>
<NodeArgs eType="General" icon="6" nRep="75" >
<Disp><![CDATA[Service: Add Auto Header]]></Disp>
</NodeArgs>
</Step>
<Step rID="T72">
<Obj plainTxt="False" ><![CDATA[Custom Request: initializationService_5]]></Obj>
<Details plainTxt="False" ><![CDATA[<CENTER><STRONG><FONT COLOR=#009A63>Step completed successfully</FONT></STRONG></CENTER>]]></Details>
<Time><![CDATA[15-08-2019 - 02:04:11]]></Time>
<TimeTick>1565814851</TimeTick>
<NodeArgs eType="General" icon="8" nRep="76" status="Passed" >
<Disp><![CDATA[Custom Request: initializationService_5]]></Disp>
<BtmPane vType="HTMLSNSH" >
<Path><![CDATA[\Iteration1\t32.inf]]></Path>
</BtmPane>
</NodeArgs>
</Step>
<Step rID="T73">
<Obj plainTxt="False" ><![CDATA[Service: Add Auto Header]]></Obj>
<Details plainTxt="False" ><![CDATA[<CENTER>Add the following header to all subsequent HTTP requests :<BR><STRONG><FONT COLOR=#00AF00>Origin: http://cyclos-dev-loadbalancer-568615165.eu-west-1.elb.amazonaws.com</FONT></STRONG></CENTER>]]></Details>
<Time><![CDATA[15-08-2019 - 02:04:16]]></Time>
<TimeTick>1565814856</TimeTick>
<NodeArgs eType="General" icon="6" nRep="77" >
<Disp><![CDATA[Service: Add Auto Header]]></Disp>
</NodeArgs>
</Step>
<Step rID="T74">
<Obj plainTxt="False" ><![CDATA[Custom Request: accountService_5]]></Obj>
<Details plainTxt="False" ><![CDATA[<CENTER><STRONG><FONT COLOR=#009A63>Step completed successfully</FONT></STRONG></CENTER>]]></Details>
<Time><![CDATA[15-08-2019 - 02:04:16]]></Time>
<TimeTick>1565814856</TimeTick>
<NodeArgs eType="General" icon="8" nRep="78" status="Passed" >
<Disp><![CDATA[Custom Request: accountService_5]]></Disp>
<BtmPane vType="HTMLSNSH" >
<Path><![CDATA[\Iteration1\t33.inf]]></Path>
</BtmPane>
</NodeArgs>
</Step>
<Step rID="T75">
<Obj plainTxt="False" ><![CDATA[Custom Request: accountService_6]]></Obj>
<Details plainTxt="False" ><![CDATA[<CENTER><STRONG><FONT COLOR=#009A63>Step completed successfully</FONT></STRONG></CENTER>]]></Details>
<Time><![CDATA[15-08-2019 - 02:04:16]]></Time>
<TimeTick>1565814856</TimeTick>
<NodeArgs eType="General" icon="8" nRep="79" status="Passed" >
<Disp><![CDATA[Custom Request: accountService_6]]></Disp>
<BtmPane vType="HTMLSNSH" >
<Path><![CDATA[\Iteration1\t34.inf]]></Path>
</BtmPane>
</NodeArgs>
</Step>
<Step rID="T76">
<Obj plainTxt="False" ><![CDATA[Service: Reg Save Param Json]]></Obj>
<Details plainTxt="False" ><![CDATA[<CENTER>ParamName = <STRONG><FONT COLOR=#00AF00>c_afterAvailbalance</FONT></STRONG><BR>QueryString = <STRONG><FONT COLOR=#00AF00>$.result.availableBalance</FONT></STRONG></CENTER>]]></Details>
<Time><![CDATA[15-08-2019 - 02:04:16]]></Time>
<TimeTick>1565814856</TimeTick>
<NodeArgs eType="General" icon="3" nRep="80" >
<Disp><![CDATA[Service: Reg Save Param Json]]></Disp>
</NodeArgs>
</Step>
<Step rID="T77">
<Obj plainTxt="False" ><![CDATA[Custom Request: accountService_7]]></Obj>
<Details plainTxt="False" ><![CDATA[<CENTER><STRONG><FONT COLOR=#009A63>Step completed successfully</FONT></STRONG></CENTER>]]></Details>
<Time><![CDATA[15-08-2019 - 02:04:16]]></Time>
<TimeTick>1565814856</TimeTick>
<NodeArgs eType="General" icon="8" nRep="81" status="Passed" >
<Disp><![CDATA[Custom Request: accountService_7]]></Disp>
<BtmPane vType="HTMLSNSH" >
<Path><![CDATA[\Iteration1\t36.inf]]></Path>
</BtmPane>
</NodeArgs>
</Step>
<Step rID="T78">
<Obj plainTxt="False" ><![CDATA[Service: Reg Find]]></Obj>
<Details plainTxt="False" ><![CDATA[<CENTER><STRONG><FONT COLOR=#00AF00>Text=Member account</FONT></STRONG></CENTER>]]></Details>
<Time><![CDATA[15-08-2019 - 02:04:16]]></Time>
<TimeTick>1565814856</TimeTick>
<NodeArgs eType="General" icon="9" nRep="82" >
<Disp><![CDATA[Service: Reg Find]]></Disp>
</NodeArgs>
</Step>
<Step rID="T79">
<Obj plainTxt="False" ><![CDATA[Custom Request: accountService_8]]></Obj>
<Details plainTxt="False" ><![CDATA[<CENTER><STRONG><FONT COLOR=#009A63>Step completed successfully</FONT></STRONG></CENTER>]]></Details>
<Time><![CDATA[15-08-2019 - 02:04:16]]></Time>
<TimeTick>1565814856</TimeTick>
<NodeArgs eType="General" icon="8" nRep="83" status="Passed" >
<Disp><![CDATA[Custom Request: accountService_8]]></Disp>
<BtmPane vType="HTMLSNSH" >
<Path><![CDATA[\Iteration1\t37.inf]]></Path>
</BtmPane>
</NodeArgs>
</Step>
<Summary sTime="15-08-2019 - 02:03:48" eTime="15-08-2019 - 02:04:22" passed="19" failed="0" warnings="0" ></Summary>
<NodeArgs eType="StartAction" icon="2" nRep="34" status="Passed" >
<Disp><![CDATA[Action Summary]]></Disp>
</NodeArgs>
</Action>
<NodeArgs eType="StartIteration" icon="11" nRep="33" status="Passed" >
<Disp><![CDATA[BP01_PaySystems Iteration 1 (Row 1)]]></Disp>
</NodeArgs>
</DIter>
<Action rID="T80">
<AName><![CDATA[vuser_end]]></AName>
<Step rID="T81">
<Obj plainTxt="False" ><![CDATA[Custom Request: loginService]]></Obj>
<Details plainTxt="False" ><![CDATA[<CENTER><STRONG><FONT COLOR=#009A63>Step completed successfully</FONT></STRONG></CENTER>]]></Details>
<Time><![CDATA[15-08-2019 - 02:04:22]]></Time>
<TimeTick>1565814862</TimeTick>
<NodeArgs eType="General" icon="8" nRep="87" status="Passed" >
<Disp><![CDATA[Custom Request: loginService]]></Disp>
<BtmPane vType="HTMLSNSH" >
<Path><![CDATA[\Iteration1\t38.inf]]></Path>
</BtmPane>
</NodeArgs>
</Step>
<Step rID="T82">
<Obj plainTxt="False" ><![CDATA[Service: Remove/Revert Auto Header]]></Obj>
<Details plainTxt="False" ><![CDATA[<CENTER>Remove/revert <BR><STRONG><FONT COLOR=#00AF00>Session-Prefix</FONT></STRONG> header, implicit generation: <STRONG>Yes</STRONG></CENTER>]]></Details>
<Time><![CDATA[15-08-2019 - 02:04:22]]></Time>
<TimeTick>1565814862</TimeTick>
<NodeArgs eType="General" icon="4" nRep="88" >
<Disp><![CDATA[Service: Remove/Revert Auto Header]]></Disp>
</NodeArgs>
</Step>
<Step rID="T83">
<Obj plainTxt="False" ><![CDATA[Custom Request: initializationService_6]]></Obj>
<Details plainTxt="False" ><![CDATA[<CENTER><STRONG><FONT COLOR=#009A63>Step completed successfully</FONT></STRONG></CENTER>]]></Details>
<Time><![CDATA[15-08-2019 - 02:04:22]]></Time>
<TimeTick>1565814862</TimeTick>
<NodeArgs eType="General" icon="8" nRep="89" status="Passed" >
<Disp><![CDATA[Custom Request: initializationService_6]]></Disp>
<BtmPane vType="HTMLSNSH" >
<Path><![CDATA[\Iteration1\t39.inf]]></Path>
</BtmPane>
</NodeArgs>
</Step>
<Step rID="T84">
<Obj plainTxt="False" ><![CDATA[Service: Reg Find]]></Obj>
<Details plainTxt="False" ><![CDATA[<CENTER><STRONG><FONT COLOR=#00AF00>Text=Welcome to Network 01</FONT></STRONG></CENTER>]]></Details>
<Time><![CDATA[15-08-2019 - 02:04:22]]></Time>
<TimeTick>1565814862</TimeTick>
<NodeArgs eType="General" icon="9" nRep="90" >
<Disp><![CDATA[Service: Reg Find]]></Disp>
</NodeArgs>
</Step>
<Step rID="T85">
<Obj plainTxt="False" ><![CDATA[Custom Request: initializationService_7]]></Obj>
<Details plainTxt="False" ><![CDATA[<CENTER><STRONG><FONT COLOR=#009A63>Step completed successfully</FONT></STRONG></CENTER>]]></Details>
<Time><![CDATA[15-08-2019 - 02:04:22]]></Time>
<TimeTick>1565814862</TimeTick>
<NodeArgs eType="General" icon="8" nRep="91" status="Passed" >
<Disp><![CDATA[Custom Request: initializationService_7]]></Disp>
<BtmPane vType="HTMLSNSH" >
<Path><![CDATA[\Iteration1\t40.inf]]></Path>
</BtmPane>
</NodeArgs>
</Step>
<Summary sTime="15-08-2019 - 02:04:22" eTime="15-08-2019 - 02:04:22" passed="3" failed="0" warnings="0" ></Summary>
<NodeArgs eType="StartAction" icon="2" nRep="86" status="Passed" >
<Disp><![CDATA[vuser_end Summary]]></Disp>
</NodeArgs>
</Action>
<Summary sTime="15-08-2019 - 02:03:31" eTime="15-08-2019 - 02:04:22" passed="30" failed="0" warnings="0" ></Summary>
<NodeArgs eType="StartTest" icon="1" nRep="4" status="Passed" >
<Disp><![CDATA[Test BP01_PaySystems Summary]]></Disp>
</NodeArgs>
</Doc>
</Report>