﻿<?xml version="1.0"?>
<!DOCTYPE Report
[
<!ELEMENT Report (General ,(Doc|BPT)) >
<!ATTLIST Report ver CDATA #REQUIRED tmZone CDATA #REQUIRED>

<!ELEMENT General ( DocLocation ) >
<!ATTLIST General productName CDATA #REQUIRED productVer CDATA #REQUIRED os CDATA #REQUIRED host CDATA #REQUIRED qcserver CDATA #IMPLIED qcproject CDATA #IMPLIED SolManSolutionId CDATA #IMPLIED SolManProjectId CDATA #IMPLIED SolManTestPlanId CDATA #IMPLIED SolManTestPackageId CDATA #IMPLIED SolManUserInfoData CDATA #IMPLIED  >

<!ELEMENT BPT (DName,Res,DVer?,TSet?,TInst?,NodeArgs,AdditionalInfo*,Doc*) >
<!ATTLIST BPT rID ID #REQUIRED >

<!ELEMENT Doc (DName,ConfName?,Res,DVer?,TSet?,TInst?,RunType?,DT?,AdditionalInfo*,Step*,DIter*,Step*,Action*,Doc*,Summary?,TestMaintenanceSummary*,NodeArgs?) >
<!ATTLIST Doc rID ID #REQUIRED type (Test|BC|BPTWrapperTest|Flow|Group|Action) "Test" productName CDATA #REQUIRED BCIter CDATA #IMPLIED >

<!ELEMENT RunType ( #PCDATA )>
<!ATTLIST RunType fmStep (False|True) "False" batch (False|True) "False" upDesc (False|True) "False" upChk (False|True) "False" upAS (False|True) "False">

<!ELEMENT DName ( #PCDATA ) >

<!ELEMENT ConfName ( #PCDATA ) >

<!ELEMENT Res ( #PCDATA ) >

<!ELEMENT AdditionalInfo (AdditionalDataName,AdditionalDataValue ) >

<!ELEMENT AdditionalDataName ( #PCDATA ) >

<!ELEMENT AdditionalDataValue ( #PCDATA ) >

<!ELEMENT DVer ( #PCDATA ) >

<!ELEMENT TSet ( #PCDATA ) >

<!ELEMENT TInst ( #PCDATA ) >

<!ELEMENT DIter (Step*,Action+,Summary?,NodeArgs)>
<!ATTLIST DIter rID ID #REQUIRED iterID CDATA #REQUIRED>

<!ELEMENT DocLocation ( #PCDATA )>

<!ELEMENT Action (AName,AIter*,(Step|HtmlStep|Action)*, Summary,ActionMaintenanceSummary*, NodeArgs ) >
<!ATTLIST Action rID ID #REQUIRED>

<!ELEMENT AIter ((Step|HtmlStep|Action)*,DataMapping?, Summary?,NodeArgs) >
<!ATTLIST AIter rID ID #REQUIRED iterID CDATA #REQUIRED isCountable (False|True) "False" >

<!ELEMENT AName ( #PCDATA ) >

<!ELEMENT TestMaintenanceSummary (ActionMaintenanceSummary*) >
<!ATTLIST TestMaintenanceSummary ObjectsAdded CDATA #REQUIRED ObjectsUpdated CDATA #REQUIRED StepsUpdated CDATA #REQUIRED StepsComments CDATA #REQUIRED><!ELEMENT ActionMaintenanceSummary (ObjectChange* ) >
<!ATTLIST ActionMaintenanceSummary Action CDATA #REQUIRED Objects CDATA #REQUIRED Updated CDATA #REQUIRED LinesTotal CDATA #REQUIRED Added CDATA #REQUIRED LinesUpdated CDATA #REQUIRED>

<!ELEMENT ObjectChange  (Hierarchy, PropertyChangeList* ) >
<!ATTLIST ObjectChange Operation CDATA #IMPLIED OriginalRepository CDATA #IMPLIED>

<!ELEMENT PropertyChangeList (PropertyDef*) >

<!ELEMENT PropertyDef (OriginalValue, NewValue) >
<!ATTLIST PropertyDef PropName CDATA #REQUIRED OriginRegularExpression (True|False) "False" NewRegularExpression (True|False) "False" AddedProperty (True|False) "False" >

<!ELEMENT OriginalValue ( #PCDATA )>

<!ELEMENT NewValue ( #PCDATA )>

<!ELEMENT Hierarchy  (ObjectName, Hierarchy*) >
<!ATTLIST Hierarchy MicClass CDATA #REQUIRED>

<!ELEMENT ObjectName  ( #PCDATA ) >

<!ELEMENT Step (Obj,Details,Time,TimeTick* ,(Step|HtmlStep|Doc)*, DataMapping?, NodeArgs) >
<!ATTLIST Step rID ID #REQUIRED retval CDATA #IMPLIED>

<!ELEMENT HtmlStep (HTML,TimeTick*,(Step|HtmlStep|Doc)*,NodeArgs) >
<!ATTLIST HtmlStep rID ID #REQUIRED >

<!ELEMENT Obj ( #PCDATA ) >
<!ATTLIST Obj plainTxt (False|True) "True">

<!ELEMENT Details ( #PCDATA ) >
<!ATTLIST Details plainTxt (False|True) "True">

<!ELEMENT Time ( #PCDATA ) >

<!ELEMENT HTML ( #PCDATA ) >

<!ELEMENT Disp ( #PCDATA ) >

<!ELEMENT TimeTick ( #PCDATA ) >

<!ELEMENT DataMapping ( DataMappedItem* )>
<!ELEMENT DataMappedItem EMPTY >
<!ATTLIST DataMappedItem dsName CDATA #REQUIRED >
<!ATTLIST DataMappedItem rowId CDATA #REQUIRED >

<!ELEMENT NodeArgs (Disp,TopPane?,BtmPane?,ExtendedInfo? )>
<!ATTLIST NodeArgs eType CDATA #REQUIRED icon CDATA #REQUIRED nRep CDATA #REQUIRED UserNote CDATA #IMPLIED filter (False|True) "True">
<!ATTLIST NodeArgs status (Passed|Failed|Done|Warning|Information) "Done">
<!ATTLIST NodeArgs iconSel CDATA #IMPLIED nType CDATA #IMPLIED MovieMarker CDATA "">
<!ATTLIST NodeArgs Source CDATA #IMPLIED SourceLine CDATA #IMPLIED StepFlowItemKey CDATA #IMPLIED >

<!ELEMENT TopPane (Path)>

<!ELEMENT BtmPane ( (Path|WR)?,ASHilite?)>
<!ATTLIST BtmPane vType CDATA "HTML">

<!ELEMENT Path ( #PCDATA ) >

<!ELEMENT ASHilite ( #PCDATA ) >

<!ELEMENT WR ( #PCDATA ) >

<!ELEMENT ExtendedInfo ( StepData ) >

<!ATTLIST ExtendedInfo StepType CDATA #REQUIRED>
<!ELEMENT DT (NodeArgs) >
<!ATTLIST DT rID ID #REQUIRED>

<!ELEMENT Summary (Param*)>
<!ATTLIST Summary sTime CDATA #IMPLIED eTime CDATA #IMPLIED passed CDATA #IMPLIED failed CDATA #IMPLIED warnings CDATA #IMPLIED retval CDATA #IMPLIED stopped (False|True) "False" >

<!ELEMENT Param (ParamName,ParamVal)+ >
<!ATTLIST Param paramInOut (In|Out) "In">

<!ELEMENT ParamName ( #PCDATA ) >

<!ELEMENT ParamVal ( #PCDATA ) >

]
>
<Report ver="2.0" tmZone="India Standard Time">
<General productName="Vugen" productVer="12" os="" host="PIYUSH-PC"><DocLocation><![CDATA[C:\Users\piyush.gaharwar22gma\Documents\VuGen\Scripts for Expleo\BP02_Create_Ad]]></DocLocation></General>
<Doc rID="T1"   productName= "Vugen"  >
<DName><![CDATA[BP02_Create_Ad]]></DName>
<Res><![CDATA[result1]]></Res>
<Action rID="T2">
<AName><![CDATA[vuser_init]]></AName>
<Step rID="T3">
<Obj plainTxt="False" ><![CDATA[Service: Reg Save Param]]></Obj>
<Details plainTxt="False" ><![CDATA[<CENTER>ParamName =<STRONG><FONT COLOR=#00AF00>languageId</FONT></STRONG><BR>Left Boundary = <STRONG><FONT COLOR=#00AF00>LB=languageId = "</FONT></STRONG><BR>Right Boundary = <STRONG><FONT COLOR=#00AF00>RB=";</FONT></STRONG><BR>Instance = <STRONG><FONT COLOR=#00AF00>Ord=1</FONT></STRONG></CENTER>]]></Details>
<Time><![CDATA[15-08-2019 - 01:18:48]]></Time>
<TimeTick>1565812128</TimeTick>
<NodeArgs eType="General" icon="3" nRep="6" >
<Disp><![CDATA[Service: Reg Save Param]]></Disp>
</NodeArgs>
</Step>
<Step rID="T4">
<Obj plainTxt="False" ><![CDATA[Service: Set Sockets Option]]></Obj>
<Details plainTxt="False" ><![CDATA[<CENTER>Set socket option <STRONG><FONT COLOR=#00AF00>SSL_VERSION</FONT></STRONG> with value <STRONG><FONT COLOR=#00AF00>TLS1.2</FONT></STRONG></CENTER>]]></Details>
<Time><![CDATA[15-08-2019 - 01:18:48]]></Time>
<TimeTick>1565812128</TimeTick>
<NodeArgs eType="General" icon="4" nRep="7" >
<Disp><![CDATA[Service: Set Sockets Option]]></Disp>
</NodeArgs>
</Step>
<Step rID="T5">
<Obj plainTxt="False" ><![CDATA[Service: Reg Save Param]]></Obj>
<Details plainTxt="False" ><![CDATA[<CENTER>ParamName =<STRONG><FONT COLOR=#00AF00>c_KID</FONT></STRONG><BR>Left Boundary = <STRONG><FONT COLOR=#00AF00>LB=Runs on Cyclos 4.12 (revision </FONT></STRONG><BR>Right Boundary = <STRONG><FONT COLOR=#00AF00>RB=) registered with key 70589-51945-81612-20759</FONT></STRONG><BR>Instance = <STRONG><FONT COLOR=#00AF00>Ord=1</FONT></STRONG></CENTER>]]></Details>
<Time><![CDATA[15-08-2019 - 01:18:48]]></Time>
<TimeTick>1565812128</TimeTick>
<NodeArgs eType="General" icon="3" nRep="8" >
<Disp><![CDATA[Service: Reg Save Param]]></Disp>
</NodeArgs>
</Step>
<Step rID="T6">
<Obj plainTxt="False" ><![CDATA[Url: Network01]]></Obj>
<Details plainTxt="False" ><![CDATA[<CENTER><STRONG><FONT COLOR=#009A63>Step completed successfully</FONT></STRONG></CENTER>]]></Details>
<Time><![CDATA[15-08-2019 - 01:18:50]]></Time>
<TimeTick>1565812130</TimeTick>
<NodeArgs eType="General" icon="5" nRep="9" status="Passed" >
<Disp><![CDATA[Url: Network01]]></Disp>
<BtmPane vType="HTMLSNSH" >
<Path><![CDATA[\Iteration1\t1.inf]]></Path>
</BtmPane>
</NodeArgs>
</Step>
<Step rID="T7">
<Obj plainTxt="False" ><![CDATA[Service: Add Header]]></Obj>
<Details plainTxt="False" ><![CDATA[<CENTER>Add the following header to the next HTTP request :<BR><STRONG><FONT COLOR=#00AF00>Origin: http://cyclos-dev-loadbalancer-568615165.eu-west-1.elb.amazonaws.com</FONT></STRONG></CENTER>]]></Details>
<Time><![CDATA[15-08-2019 - 01:18:50]]></Time>
<TimeTick>1565812130</TimeTick>
<NodeArgs eType="General" icon="6" nRep="10" >
<Disp><![CDATA[Service: Add Header]]></Disp>
</NodeArgs>
</Step>
<Step rID="T8">
<Obj plainTxt="False" ><![CDATA[Custom Request: initializationService]]></Obj>
<Details plainTxt="False" ><![CDATA[<CENTER><STRONG><FONT COLOR=#009A63>Step completed successfully</FONT></STRONG></CENTER>]]></Details>
<Time><![CDATA[15-08-2019 - 01:18:50]]></Time>
<TimeTick>1565812130</TimeTick>
<NodeArgs eType="General" icon="7" nRep="11" status="Passed" >
<Disp><![CDATA[Custom Request: initializationService]]></Disp>
<BtmPane vType="HTMLSNSH" >
<Path><![CDATA[\Iteration1\t2.inf]]></Path>
</BtmPane>
</NodeArgs>
</Step>
<Step rID="T9">
<Obj plainTxt="False" ><![CDATA[Url: loadTranslations]]></Obj>
<Details plainTxt="False" ><![CDATA[<CENTER><STRONG><FONT COLOR=#009A63>Step completed successfully</FONT></STRONG></CENTER>]]></Details>
<Time><![CDATA[15-08-2019 - 01:18:50]]></Time>
<TimeTick>1565812130</TimeTick>
<NodeArgs eType="General" icon="5" nRep="12" status="Passed" >
<Disp><![CDATA[Url: loadTranslations]]></Disp>
<BtmPane vType="HTMLSNSH" >
<Path><![CDATA[\Iteration1\t3.inf]]></Path>
</BtmPane>
</NodeArgs>
</Step>
<Step rID="T10">
<Obj plainTxt="False" ><![CDATA[Service: Add Header]]></Obj>
<Details plainTxt="False" ><![CDATA[<CENTER>Add the following header to the next HTTP request :<BR><STRONG><FONT COLOR=#00AF00>Origin: http://cyclos-dev-loadbalancer-568615165.eu-west-1.elb.amazonaws.com</FONT></STRONG></CENTER>]]></Details>
<Time><![CDATA[15-08-2019 - 01:18:50]]></Time>
<TimeTick>1565812130</TimeTick>
<NodeArgs eType="General" icon="6" nRep="13" >
<Disp><![CDATA[Service: Add Header]]></Disp>
</NodeArgs>
</Step>
<Step rID="T11">
<Obj plainTxt="False" ><![CDATA[Service: Reg Find]]></Obj>
<Details plainTxt="False" ><![CDATA[<CENTER><STRONG><FONT COLOR=#00AF00>Text=Welcome to Network 01</FONT></STRONG></CENTER>]]></Details>
<Time><![CDATA[15-08-2019 - 01:18:50]]></Time>
<TimeTick>1565812130</TimeTick>
<NodeArgs eType="General" icon="8" nRep="14" >
<Disp><![CDATA[Service: Reg Find]]></Disp>
</NodeArgs>
</Step>
<Step rID="T12">
<Obj plainTxt="False" ><![CDATA[Custom Request: initializationService_2]]></Obj>
<Details plainTxt="False" ><![CDATA[<CENTER><STRONG><FONT COLOR=#009A63>Step completed successfully</FONT></STRONG></CENTER>]]></Details>
<Time><![CDATA[15-08-2019 - 01:18:50]]></Time>
<TimeTick>1565812130</TimeTick>
<NodeArgs eType="General" icon="7" nRep="15" status="Passed" >
<Disp><![CDATA[Custom Request: initializationService_2]]></Disp>
<BtmPane vType="HTMLSNSH" >
<Path><![CDATA[\Iteration1\t4.inf]]></Path>
</BtmPane>
</NodeArgs>
</Step>
<Step rID="T13">
<Obj plainTxt="False" ><![CDATA[Service: Reg Find]]></Obj>
<Details plainTxt="False" ><![CDATA[<CENTER><STRONG><FONT COLOR=#00AF00>Text=System login</FONT></STRONG></CENTER>]]></Details>
<Time><![CDATA[15-08-2019 - 01:18:55]]></Time>
<TimeTick>1565812135</TimeTick>
<NodeArgs eType="General" icon="8" nRep="16" >
<Disp><![CDATA[Service: Reg Find]]></Disp>
</NodeArgs>
</Step>
<Step rID="T14">
<Obj plainTxt="False" ><![CDATA[Url: loadTranslations_2]]></Obj>
<Details plainTxt="False" ><![CDATA[<CENTER><STRONG><FONT COLOR=#009A63>Step completed successfully</FONT></STRONG></CENTER>]]></Details>
<Time><![CDATA[15-08-2019 - 01:18:55]]></Time>
<TimeTick>1565812135</TimeTick>
<NodeArgs eType="General" icon="5" nRep="17" status="Passed" >
<Disp><![CDATA[Url: loadTranslations_2]]></Disp>
<BtmPane vType="HTMLSNSH" >
<Path><![CDATA[\Iteration1\t5.inf]]></Path>
</BtmPane>
</NodeArgs>
</Step>
<Step rID="T15">
<Obj plainTxt="False" ><![CDATA[Service: Add Auto Header]]></Obj>
<Details plainTxt="False" ><![CDATA[<CENTER>Add the following header to all subsequent HTTP requests :<BR><STRONG><FONT COLOR=#00AF00>Origin: http://cyclos-dev-loadbalancer-568615165.eu-west-1.elb.amazonaws.com</FONT></STRONG></CENTER>]]></Details>
<Time><![CDATA[15-08-2019 - 01:19:00]]></Time>
<TimeTick>1565812140</TimeTick>
<NodeArgs eType="General" icon="9" nRep="18" >
<Disp><![CDATA[Service: Add Auto Header]]></Disp>
</NodeArgs>
</Step>
<Step rID="T16">
<Obj plainTxt="False" ><![CDATA[Service: Reg Save Param]]></Obj>
<Details plainTxt="False" ><![CDATA[<CENTER>ParamName =<STRONG><FONT COLOR=#00AF00>c_sessionID</FONT></STRONG><BR>Left Boundary = <STRONG><FONT COLOR=#00AF00>LB=</FONT></STRONG><BR>Right Boundary = <STRONG><FONT COLOR=#00AF00>RB=</FONT></STRONG><BR>Instance = <STRONG><FONT COLOR=#00AF00>Ord=1</FONT></STRONG></CENTER>]]></Details>
<Time><![CDATA[15-08-2019 - 01:19:00]]></Time>
<TimeTick>1565812140</TimeTick>
<NodeArgs eType="General" icon="3" nRep="19" >
<Disp><![CDATA[Service: Reg Save Param]]></Disp>
</NodeArgs>
</Step>
<Step rID="T17">
<Obj plainTxt="False" ><![CDATA[Submit Data: login]]></Obj>
<Details plainTxt="False" ><![CDATA[<CENTER><STRONG><FONT COLOR=#009A63>Step completed successfully</FONT></STRONG></CENTER>]]></Details>
<Time><![CDATA[15-08-2019 - 01:19:01]]></Time>
<TimeTick>1565812141</TimeTick>
<NodeArgs eType="General" icon="10" nRep="20" status="Passed" >
<Disp><![CDATA[Submit Data: login]]></Disp>
<BtmPane vType="HTMLSNSH" >
<Path><![CDATA[\Iteration1\t6.inf]]></Path>
</BtmPane>
</NodeArgs>
</Step>
<Step rID="T18">
<Obj plainTxt="False" ><![CDATA[Service: Add Header]]></Obj>
<Details plainTxt="False" ><![CDATA[<CENTER>Add the following header to the next HTTP request :<BR><STRONG><FONT COLOR=#00AF00>Session-Prefix: uXjFSXJAvO7AJufy</FONT></STRONG></CENTER>]]></Details>
<Time><![CDATA[15-08-2019 - 01:19:01]]></Time>
<TimeTick>1565812141</TimeTick>
<NodeArgs eType="General" icon="6" nRep="21" >
<Disp><![CDATA[Service: Add Header]]></Disp>
</NodeArgs>
</Step>
<Step rID="T19">
<Obj plainTxt="False" ><![CDATA[Service: Reg Save Param Json]]></Obj>
<Details plainTxt="False" ><![CDATA[<CENTER>ParamName = <STRONG><FONT COLOR=#00AF00>userId</FONT></STRONG><BR>QueryString = <STRONG><FONT COLOR=#00AF00>$.result.userData.visibleAccounts[0].owner.id</FONT></STRONG></CENTER>]]></Details>
<Time><![CDATA[15-08-2019 - 01:19:01]]></Time>
<TimeTick>1565812141</TimeTick>
<NodeArgs eType="General" icon="3" nRep="22" >
<Disp><![CDATA[Service: Reg Save Param Json]]></Disp>
</NodeArgs>
</Step>
<Step rID="T20">
<Obj plainTxt="False" ><![CDATA[Custom Request: initializationService_3]]></Obj>
<Details plainTxt="False" ><![CDATA[<CENTER><STRONG><FONT COLOR=#009A63>Step completed successfully</FONT></STRONG></CENTER>]]></Details>
<Time><![CDATA[15-08-2019 - 01:19:01]]></Time>
<TimeTick>1565812141</TimeTick>
<NodeArgs eType="General" icon="7" nRep="23" status="Passed" >
<Disp><![CDATA[Custom Request: initializationService_3]]></Disp>
<BtmPane vType="HTMLSNSH" >
<Path><![CDATA[\Iteration1\t8.inf]]></Path>
</BtmPane>
</NodeArgs>
</Step>
<Step rID="T21">
<Obj plainTxt="False" ><![CDATA[Service: Add Header]]></Obj>
<Details plainTxt="False" ><![CDATA[<CENTER>Add the following header to the next HTTP request :<BR><STRONG><FONT COLOR=#00AF00>Session-Prefix: uXjFSXJAvO7AJufy</FONT></STRONG></CENTER>]]></Details>
<Time><![CDATA[15-08-2019 - 01:19:01]]></Time>
<TimeTick>1565812141</TimeTick>
<NodeArgs eType="General" icon="6" nRep="24" >
<Disp><![CDATA[Service: Add Header]]></Disp>
</NodeArgs>
</Step>
<Step rID="T22">
<Obj plainTxt="False" ><![CDATA[Service: Reg Find]]></Obj>
<Details plainTxt="False" ><![CDATA[<CENTER><STRONG><FONT COLOR=#00AF00>Text=Network home page</FONT></STRONG></CENTER>]]></Details>
<Time><![CDATA[15-08-2019 - 01:19:01]]></Time>
<TimeTick>1565812141</TimeTick>
<NodeArgs eType="General" icon="8" nRep="25" >
<Disp><![CDATA[Service: Reg Find]]></Disp>
</NodeArgs>
</Step>
<Step rID="T23">
<Obj plainTxt="False" ><![CDATA[Custom Request: initializationService_4]]></Obj>
<Details plainTxt="False" ><![CDATA[<CENTER><STRONG><FONT COLOR=#009A63>Step completed successfully</FONT></STRONG></CENTER>]]></Details>
<Time><![CDATA[15-08-2019 - 01:19:01]]></Time>
<TimeTick>1565812141</TimeTick>
<NodeArgs eType="General" icon="7" nRep="26" status="Passed" >
<Disp><![CDATA[Custom Request: initializationService_4]]></Disp>
<BtmPane vType="HTMLSNSH" >
<Path><![CDATA[\Iteration1\t9.inf]]></Path>
</BtmPane>
</NodeArgs>
</Step>
<Summary sTime="15-08-2019 - 01:18:48" eTime="15-08-2019 - 01:19:06" passed="8" failed="0" warnings="0" ></Summary>
<NodeArgs eType="StartAction" icon="2" nRep="5" status="Passed" >
<Disp><![CDATA[vuser_init Summary]]></Disp>
</NodeArgs>
</Action>
<DIter rID="T24" iterID="1" >
<Action rID="T25">
<AName><![CDATA[Action]]></AName>
<Step rID="T26">
<Obj plainTxt="False" ><![CDATA[Service: Add Header]]></Obj>
<Details plainTxt="False" ><![CDATA[<CENTER>Add the following header to the next HTTP request :<BR><STRONG><FONT COLOR=#00AF00>Session-Prefix: uXjFSXJAvO7AJufy</FONT></STRONG></CENTER>]]></Details>
<Time><![CDATA[15-08-2019 - 01:19:06]]></Time>
<TimeTick>1565812146</TimeTick>
<NodeArgs eType="General" icon="6" nRep="30" >
<Disp><![CDATA[Service: Add Header]]></Disp>
</NodeArgs>
</Step>
<Step rID="T27">
<Obj plainTxt="False" ><![CDATA[Service: Reg Find]]></Obj>
<Details plainTxt="False" ><![CDATA[<CENTER><STRONG><FONT COLOR=#00AF00>Text=Search advertisements</FONT></STRONG></CENTER>]]></Details>
<Time><![CDATA[15-08-2019 - 01:19:06]]></Time>
<TimeTick>1565812146</TimeTick>
<NodeArgs eType="General" icon="8" nRep="31" >
<Disp><![CDATA[Service: Reg Find]]></Disp>
</NodeArgs>
</Step>
<Step rID="T28">
<Obj plainTxt="False" ><![CDATA[Url: loadTranslations_3]]></Obj>
<Details plainTxt="False" ><![CDATA[<CENTER><STRONG><FONT COLOR=#009A63>Step completed successfully</FONT></STRONG></CENTER>]]></Details>
<Time><![CDATA[15-08-2019 - 01:19:06]]></Time>
<TimeTick>1565812146</TimeTick>
<NodeArgs eType="General" icon="5" nRep="32" status="Passed" >
<Disp><![CDATA[Url: loadTranslations_3]]></Disp>
<BtmPane vType="HTMLSNSH" >
<Path><![CDATA[\Iteration1\t10.inf]]></Path>
</BtmPane>
</NodeArgs>
</Step>
<Step rID="T29">
<Obj plainTxt="False" ><![CDATA[Service: Add Header]]></Obj>
<Details plainTxt="False" ><![CDATA[<CENTER>Add the following header to the next HTTP request :<BR><STRONG><FONT COLOR=#00AF00>Origin: http://cyclos-dev-loadbalancer-568615165.eu-west-1.elb.amazonaws.com</FONT></STRONG></CENTER>]]></Details>
<Time><![CDATA[15-08-2019 - 01:19:06]]></Time>
<TimeTick>1565812146</TimeTick>
<NodeArgs eType="General" icon="6" nRep="33" >
<Disp><![CDATA[Service: Add Header]]></Disp>
</NodeArgs>
</Step>
<Step rID="T30">
<Obj plainTxt="False" ><![CDATA[Service: Add Header]]></Obj>
<Details plainTxt="False" ><![CDATA[<CENTER>Add the following header to the next HTTP request :<BR><STRONG><FONT COLOR=#00AF00>Session-Prefix: uXjFSXJAvO7AJufy</FONT></STRONG></CENTER>]]></Details>
<Time><![CDATA[15-08-2019 - 01:19:06]]></Time>
<TimeTick>1565812146</TimeTick>
<NodeArgs eType="General" icon="6" nRep="34" >
<Disp><![CDATA[Service: Add Header]]></Disp>
</NodeArgs>
</Step>
<Step rID="T31">
<Obj plainTxt="False" ><![CDATA[Custom Request: productsAndServices]]></Obj>
<Details plainTxt="False" ><![CDATA[<CENTER><STRONG><FONT COLOR=#009A63>Step completed successfully</FONT></STRONG></CENTER>]]></Details>
<Time><![CDATA[15-08-2019 - 01:19:06]]></Time>
<TimeTick>1565812146</TimeTick>
<NodeArgs eType="General" icon="7" nRep="35" status="Passed" >
<Disp><![CDATA[Custom Request: productsAndServices]]></Disp>
<BtmPane vType="HTMLSNSH" >
<Path><![CDATA[\Iteration1\t11.inf]]></Path>
</BtmPane>
</NodeArgs>
</Step>
<Step rID="T32">
<Obj plainTxt="False" ><![CDATA[Service: Add Header]]></Obj>
<Details plainTxt="False" ><![CDATA[<CENTER>Add the following header to the next HTTP request :<BR><STRONG><FONT COLOR=#00AF00>Session-Prefix: uXjFSXJAvO7AJufy</FONT></STRONG></CENTER>]]></Details>
<Time><![CDATA[15-08-2019 - 01:19:12]]></Time>
<TimeTick>1565812152</TimeTick>
<NodeArgs eType="General" icon="6" nRep="36" >
<Disp><![CDATA[Service: Add Header]]></Disp>
</NodeArgs>
</Step>
<Step rID="T33">
<Obj plainTxt="False" ><![CDATA[Service: Reg Find]]></Obj>
<Details plainTxt="False" ><![CDATA[<CENTER><STRONG><FONT COLOR=#00AF00>Text=My advertisements</FONT></STRONG></CENTER>]]></Details>
<Time><![CDATA[15-08-2019 - 01:19:12]]></Time>
<TimeTick>1565812152</TimeTick>
<NodeArgs eType="General" icon="8" nRep="37" >
<Disp><![CDATA[Service: Reg Find]]></Disp>
</NodeArgs>
</Step>
<Step rID="T34">
<Obj plainTxt="False" ><![CDATA[Url: loadTranslations_4]]></Obj>
<Details plainTxt="False" ><![CDATA[<CENTER><STRONG><FONT COLOR=#009A63>Step completed successfully</FONT></STRONG></CENTER>]]></Details>
<Time><![CDATA[15-08-2019 - 01:19:12]]></Time>
<TimeTick>1565812152</TimeTick>
<NodeArgs eType="General" icon="5" nRep="38" status="Passed" >
<Disp><![CDATA[Url: loadTranslations_4]]></Disp>
<BtmPane vType="HTMLSNSH" >
<Path><![CDATA[\Iteration1\t12.inf]]></Path>
</BtmPane>
</NodeArgs>
</Step>
<Step rID="T35">
<Obj plainTxt="False" ><![CDATA[Service: Add Auto Header]]></Obj>
<Details plainTxt="False" ><![CDATA[<CENTER>Add the following header to all subsequent HTTP requests :<BR><STRONG><FONT COLOR=#00AF00>Origin: http://cyclos-dev-loadbalancer-568615165.eu-west-1.elb.amazonaws.com</FONT></STRONG></CENTER>]]></Details>
<Time><![CDATA[15-08-2019 - 01:19:12]]></Time>
<TimeTick>1565812152</TimeTick>
<NodeArgs eType="General" icon="9" nRep="39" >
<Disp><![CDATA[Service: Add Auto Header]]></Disp>
</NodeArgs>
</Step>
<Step rID="T36">
<Obj plainTxt="False" ><![CDATA[Service: Add Header]]></Obj>
<Details plainTxt="False" ><![CDATA[<CENTER>Add the following header to the next HTTP request :<BR><STRONG><FONT COLOR=#00AF00>Session-Prefix: uXjFSXJAvO7AJufy</FONT></STRONG></CENTER>]]></Details>
<Time><![CDATA[15-08-2019 - 01:19:12]]></Time>
<TimeTick>1565812152</TimeTick>
<NodeArgs eType="General" icon="6" nRep="40" >
<Disp><![CDATA[Service: Add Header]]></Disp>
</NodeArgs>
</Step>
<Step rID="T37">
<Obj plainTxt="False" ><![CDATA[Custom Request: productsAndServices_2]]></Obj>
<Details plainTxt="False" ><![CDATA[<CENTER><STRONG><FONT COLOR=#009A63>Step completed successfully</FONT></STRONG></CENTER>]]></Details>
<Time><![CDATA[15-08-2019 - 01:19:12]]></Time>
<TimeTick>1565812152</TimeTick>
<NodeArgs eType="General" icon="7" nRep="41" status="Passed" >
<Disp><![CDATA[Custom Request: productsAndServices_2]]></Disp>
<BtmPane vType="HTMLSNSH" >
<Path><![CDATA[\Iteration1\t13.inf]]></Path>
</BtmPane>
</NodeArgs>
</Step>
<Step rID="T38">
<Obj plainTxt="False" ><![CDATA[Custom Request: productsAndServices_3]]></Obj>
<Details plainTxt="False" ><![CDATA[<CENTER><STRONG><FONT COLOR=#009A63>Step completed successfully</FONT></STRONG></CENTER>]]></Details>
<Time><![CDATA[15-08-2019 - 01:19:12]]></Time>
<TimeTick>1565812152</TimeTick>
<NodeArgs eType="General" icon="7" nRep="42" status="Passed" >
<Disp><![CDATA[Custom Request: productsAndServices_3]]></Disp>
<BtmPane vType="HTMLSNSH" >
<Path><![CDATA[\Iteration1\t14.inf]]></Path>
</BtmPane>
</NodeArgs>
</Step>
<Step rID="T39">
<Obj plainTxt="False" ><![CDATA[Service: Reg Find]]></Obj>
<Details plainTxt="False" ><![CDATA[<CENTER><STRONG><FONT COLOR=#00AF00>Text=Create new advertisement</FONT></STRONG></CENTER>]]></Details>
<Time><![CDATA[15-08-2019 - 01:19:17]]></Time>
<TimeTick>1565812157</TimeTick>
<NodeArgs eType="General" icon="8" nRep="43" >
<Disp><![CDATA[Service: Reg Find]]></Disp>
</NodeArgs>
</Step>
<Step rID="T40">
<Obj plainTxt="False" ><![CDATA[Service: Add Header]]></Obj>
<Details plainTxt="False" ><![CDATA[<CENTER>Add the following header to the next HTTP request :<BR><STRONG><FONT COLOR=#00AF00>Session-Prefix: uXjFSXJAvO7AJufy</FONT></STRONG></CENTER>]]></Details>
<Time><![CDATA[15-08-2019 - 01:19:17]]></Time>
<TimeTick>1565812157</TimeTick>
<NodeArgs eType="General" icon="6" nRep="44" >
<Disp><![CDATA[Service: Add Header]]></Disp>
</NodeArgs>
</Step>
<Step rID="T41">
<Obj plainTxt="False" ><![CDATA[Url: loadTranslations_5]]></Obj>
<Details plainTxt="False" ><![CDATA[<CENTER><STRONG><FONT COLOR=#009A63>Step completed successfully</FONT></STRONG></CENTER>]]></Details>
<Time><![CDATA[15-08-2019 - 01:19:17]]></Time>
<TimeTick>1565812157</TimeTick>
<NodeArgs eType="General" icon="5" nRep="45" status="Passed" >
<Disp><![CDATA[Url: loadTranslations_5]]></Disp>
<BtmPane vType="HTMLSNSH" >
<Path><![CDATA[\Iteration1\t15.inf]]></Path>
</BtmPane>
</NodeArgs>
</Step>
<Step rID="T42">
<Obj plainTxt="False" ><![CDATA[Service: Add Header]]></Obj>
<Details plainTxt="False" ><![CDATA[<CENTER>Add the following header to the next HTTP request :<BR><STRONG><FONT COLOR=#00AF00>Origin: http://cyclos-dev-loadbalancer-568615165.eu-west-1.elb.amazonaws.com</FONT></STRONG></CENTER>]]></Details>
<Time><![CDATA[15-08-2019 - 01:19:17]]></Time>
<TimeTick>1565812157</TimeTick>
<NodeArgs eType="General" icon="6" nRep="46" >
<Disp><![CDATA[Service: Add Header]]></Disp>
</NodeArgs>
</Step>
<Step rID="T43">
<Obj plainTxt="False" ><![CDATA[Service: Reg Save Param Json]]></Obj>
<Details plainTxt="False" ><![CDATA[<CENTER>ParamName = <STRONG><FONT COLOR=#00AF00>c_carId</FONT></STRONG><BR>QueryString = <STRONG><FONT COLOR=#00AF00>$.result.categories[0].id</FONT></STRONG></CENTER>]]></Details>
<Time><![CDATA[15-08-2019 - 01:19:17]]></Time>
<TimeTick>1565812157</TimeTick>
<NodeArgs eType="General" icon="3" nRep="47" >
<Disp><![CDATA[Service: Reg Save Param Json]]></Disp>
</NodeArgs>
</Step>
<Step rID="T44">
<Obj plainTxt="False" ><![CDATA[Service: Reg Save Param Json]]></Obj>
<Details plainTxt="False" ><![CDATA[<CENTER>ParamName = <STRONG><FONT COLOR=#00AF00>c_propertyId</FONT></STRONG><BR>QueryString = <STRONG><FONT COLOR=#00AF00>$.result.categories[1].id</FONT></STRONG></CENTER>]]></Details>
<Time><![CDATA[15-08-2019 - 01:19:17]]></Time>
<TimeTick>1565812157</TimeTick>
<NodeArgs eType="General" icon="3" nRep="48" >
<Disp><![CDATA[Service: Reg Save Param Json]]></Disp>
</NodeArgs>
</Step>
<Step rID="T45">
<Obj plainTxt="False" ><![CDATA[Service: Reg Save Param Json]]></Obj>
<Details plainTxt="False" ><![CDATA[<CENTER>ParamName = <STRONG><FONT COLOR=#00AF00>c_MediaId</FONT></STRONG><BR>QueryString = <STRONG><FONT COLOR=#00AF00>$.result.categories[2].id</FONT></STRONG></CENTER>]]></Details>
<Time><![CDATA[15-08-2019 - 01:19:17]]></Time>
<TimeTick>1565812157</TimeTick>
<NodeArgs eType="General" icon="3" nRep="49" >
<Disp><![CDATA[Service: Reg Save Param Json]]></Disp>
</NodeArgs>
</Step>
<Step rID="T46">
<Obj plainTxt="False" ><![CDATA[Service: Reg Save Param Json]]></Obj>
<Details plainTxt="False" ><![CDATA[<CENTER>ParamName = <STRONG><FONT COLOR=#00AF00>c_ServicesId</FONT></STRONG><BR>QueryString = <STRONG><FONT COLOR=#00AF00>$.result.categories[3].id</FONT></STRONG></CENTER>]]></Details>
<Time><![CDATA[15-08-2019 - 01:19:17]]></Time>
<TimeTick>1565812157</TimeTick>
<NodeArgs eType="General" icon="3" nRep="50" >
<Disp><![CDATA[Service: Reg Save Param Json]]></Disp>
</NodeArgs>
</Step>
<Step rID="T47">
<Obj plainTxt="False" ><![CDATA[Service: Reg Save Param Json]]></Obj>
<Details plainTxt="False" ><![CDATA[<CENTER>ParamName = <STRONG><FONT COLOR=#00AF00>c_unitID</FONT></STRONG><BR>QueryString = <STRONG><FONT COLOR=#00AF00>$.result.currencies[0].id</FONT></STRONG></CENTER>]]></Details>
<Time><![CDATA[15-08-2019 - 01:19:17]]></Time>
<TimeTick>1565812157</TimeTick>
<NodeArgs eType="General" icon="3" nRep="51" >
<Disp><![CDATA[Service: Reg Save Param Json]]></Disp>
</NodeArgs>
</Step>
<Step rID="T48">
<Obj plainTxt="False" ><![CDATA[Service: Add Header]]></Obj>
<Details plainTxt="False" ><![CDATA[<CENTER>Add the following header to the next HTTP request :<BR><STRONG><FONT COLOR=#00AF00>Session-Prefix: uXjFSXJAvO7AJufy</FONT></STRONG></CENTER>]]></Details>
<Time><![CDATA[15-08-2019 - 01:19:17]]></Time>
<TimeTick>1565812157</TimeTick>
<NodeArgs eType="General" icon="6" nRep="52" >
<Disp><![CDATA[Service: Add Header]]></Disp>
</NodeArgs>
</Step>
<Step rID="T49">
<Obj plainTxt="False" ><![CDATA[Custom Request: productsAndServices_4]]></Obj>
<Details plainTxt="False" ><![CDATA[<CENTER><STRONG><FONT COLOR=#009A63>Step completed successfully</FONT></STRONG></CENTER>]]></Details>
<Time><![CDATA[15-08-2019 - 01:19:17]]></Time>
<TimeTick>1565812157</TimeTick>
<NodeArgs eType="General" icon="7" nRep="53" status="Passed" >
<Disp><![CDATA[Custom Request: productsAndServices_4]]></Disp>
<BtmPane vType="HTMLSNSH" >
<Path><![CDATA[\Iteration1\t21.inf]]></Path>
</BtmPane>
</NodeArgs>
</Step>
<Step rID="T50">
<Obj plainTxt="False" ><![CDATA[Service: Add Auto Header]]></Obj>
<Details plainTxt="False" ><![CDATA[<CENTER>Add the following header to all subsequent HTTP requests :<BR><STRONG><FONT COLOR=#00AF00>Origin: http://cyclos-dev-loadbalancer-568615165.eu-west-1.elb.amazonaws.com</FONT></STRONG></CENTER>]]></Details>
<Time><![CDATA[15-08-2019 - 01:19:23]]></Time>
<TimeTick>1565812163</TimeTick>
<NodeArgs eType="General" icon="9" nRep="54" >
<Disp><![CDATA[Service: Add Auto Header]]></Disp>
</NodeArgs>
</Step>
<Step rID="T51">
<Obj plainTxt="False" ><![CDATA[Service: Add Auto Header]]></Obj>
<Details plainTxt="False" ><![CDATA[<CENTER>Add the following header to all subsequent HTTP requests :<BR><STRONG><FONT COLOR=#00AF00>Session-Prefix: uXjFSXJAvO7AJufy</FONT></STRONG></CENTER>]]></Details>
<Time><![CDATA[15-08-2019 - 01:19:23]]></Time>
<TimeTick>1565812163</TimeTick>
<NodeArgs eType="General" icon="9" nRep="55" >
<Disp><![CDATA[Service: Add Auto Header]]></Disp>
</NodeArgs>
</Step>
<Step rID="T52">
<Obj plainTxt="False" ><![CDATA[Service: Reg Save Param Json]]></Obj>
<Details plainTxt="False" ><![CDATA[<CENTER>ParamName = <STRONG><FONT COLOR=#00AF00>c_resultID1</FONT></STRONG><BR>QueryString = <STRONG><FONT COLOR=#00AF00>$.result.id</FONT></STRONG></CENTER>]]></Details>
<Time><![CDATA[15-08-2019 - 01:19:23]]></Time>
<TimeTick>1565812163</TimeTick>
<NodeArgs eType="General" icon="3" nRep="56" >
<Disp><![CDATA[Service: Reg Save Param Json]]></Disp>
</NodeArgs>
</Step>
<Step rID="T53">
<Obj plainTxt="False" ><![CDATA[Submit Data: temp]]></Obj>
<Details plainTxt="False" ><![CDATA[<CENTER><STRONG><FONT COLOR=#009A63>Step completed successfully</FONT></STRONG></CENTER>]]></Details>
<Time><![CDATA[15-08-2019 - 01:19:23]]></Time>
<TimeTick>1565812163</TimeTick>
<NodeArgs eType="General" icon="10" nRep="57" status="Passed" >
<Disp><![CDATA[Submit Data: temp]]></Disp>
<BtmPane vType="HTMLSNSH" >
<Path><![CDATA[\Iteration1\t23.inf]]></Path>
</BtmPane>
</NodeArgs>
</Step>
<Step rID="T54">
<Obj plainTxt="False" ><![CDATA[Service: Reg Save Param]]></Obj>
<Details plainTxt="False" ><![CDATA[<CENTER>ParamName =<STRONG><FONT COLOR=#00AF00>c_productID</FONT></STRONG><BR>Left Boundary = <STRONG><FONT COLOR=#00AF00>LB=result":"</FONT></STRONG><BR>Right Boundary = <STRONG><FONT COLOR=#00AF00>RB="}</FONT></STRONG><BR>Instance = <STRONG><FONT COLOR=#00AF00></FONT></STRONG></CENTER>]]></Details>
<Time><![CDATA[15-08-2019 - 01:19:23]]></Time>
<TimeTick>1565812163</TimeTick>
<NodeArgs eType="General" icon="3" nRep="58" >
<Disp><![CDATA[Service: Reg Save Param]]></Disp>
</NodeArgs>
</Step>
<Step rID="T55">
<Obj plainTxt="False" ><![CDATA[Custom Request: productsAndServices_5]]></Obj>
<Details plainTxt="False" ><![CDATA[<CENTER><STRONG><FONT COLOR=#009A63>Step completed successfully</FONT></STRONG></CENTER>]]></Details>
<Time><![CDATA[15-08-2019 - 01:19:23]]></Time>
<TimeTick>1565812163</TimeTick>
<NodeArgs eType="General" icon="7" nRep="59" status="Passed" >
<Disp><![CDATA[Custom Request: productsAndServices_5]]></Disp>
<BtmPane vType="HTMLSNSH" >
<Path><![CDATA[\Iteration1\t24.inf]]></Path>
</BtmPane>
</NodeArgs>
</Step>
<Step rID="T56">
<Obj plainTxt="False" ><![CDATA[Service: Reg Find]]></Obj>
<Details plainTxt="False" ><![CDATA[<CENTER><STRONG><FONT COLOR=#00AF00>Text=ACTIVE</FONT></STRONG></CENTER>]]></Details>
<Time><![CDATA[15-08-2019 - 01:19:23]]></Time>
<TimeTick>1565812163</TimeTick>
<NodeArgs eType="General" icon="8" nRep="60" >
<Disp><![CDATA[Service: Reg Find]]></Disp>
</NodeArgs>
</Step>
<Step rID="T57">
<Obj plainTxt="False" ><![CDATA[Custom Request: productsAndServices_6]]></Obj>
<Details plainTxt="False" ><![CDATA[<CENTER><STRONG><FONT COLOR=#009A63>Step completed successfully</FONT></STRONG></CENTER>]]></Details>
<Time><![CDATA[15-08-2019 - 01:19:23]]></Time>
<TimeTick>1565812163</TimeTick>
<NodeArgs eType="General" icon="7" nRep="61" status="Passed" >
<Disp><![CDATA[Custom Request: productsAndServices_6]]></Disp>
<BtmPane vType="HTMLSNSH" >
<Path><![CDATA[\Iteration1\t25.inf]]></Path>
</BtmPane>
</NodeArgs>
</Step>
<Step rID="T58">
<Obj plainTxt="False" ><![CDATA[Service: Reg Find]]></Obj>
<Details plainTxt="False" ><![CDATA[<CENTER><STRONG><FONT COLOR=#00AF00>Text=ADVERTISEMENT</FONT></STRONG></CENTER>]]></Details>
<Time><![CDATA[15-08-2019 - 01:19:28]]></Time>
<TimeTick>1565812168</TimeTick>
<NodeArgs eType="General" icon="8" nRep="62" >
<Disp><![CDATA[Service: Reg Find]]></Disp>
</NodeArgs>
</Step>
<Step rID="T59">
<Obj plainTxt="False" ><![CDATA[Custom Request: productsAndServices_7]]></Obj>
<Details plainTxt="False" ><![CDATA[<CENTER><STRONG><FONT COLOR=#009A63>Step completed successfully</FONT></STRONG></CENTER>]]></Details>
<Time><![CDATA[15-08-2019 - 01:19:28]]></Time>
<TimeTick>1565812168</TimeTick>
<NodeArgs eType="General" icon="7" nRep="63" status="Passed" >
<Disp><![CDATA[Custom Request: productsAndServices_7]]></Disp>
<BtmPane vType="HTMLSNSH" >
<Path><![CDATA[\Iteration1\t26.inf]]></Path>
</BtmPane>
</NodeArgs>
</Step>
<Step rID="T60">
<Obj plainTxt="False" ><![CDATA[Service: Reg Save Param Json]]></Obj>
<Details plainTxt="False" ><![CDATA[<CENTER>ParamName = <STRONG><FONT COLOR=#00AF00>c_adselectid</FONT></STRONG><BR>QueryString = <STRONG><FONT COLOR=#00AF00>$.result.pageItems[0].id</FONT></STRONG></CENTER>]]></Details>
<Time><![CDATA[15-08-2019 - 01:19:33]]></Time>
<TimeTick>1565812173</TimeTick>
<NodeArgs eType="General" icon="3" nRep="64" >
<Disp><![CDATA[Service: Reg Save Param Json]]></Disp>
</NodeArgs>
</Step>
<Step rID="T61">
<Obj plainTxt="False" ><![CDATA[Service: Reg Find]]></Obj>
<Details plainTxt="False" ><![CDATA[<CENTER><STRONG><FONT COLOR=#00AF00>Text=ACTIVE</FONT></STRONG></CENTER>]]></Details>
<Time><![CDATA[15-08-2019 - 01:19:33]]></Time>
<TimeTick>1565812173</TimeTick>
<NodeArgs eType="General" icon="8" nRep="65" >
<Disp><![CDATA[Service: Reg Find]]></Disp>
</NodeArgs>
</Step>
<Step rID="T62">
<Obj plainTxt="False" ><![CDATA[Custom Request: productsAndServices_8]]></Obj>
<Details plainTxt="False" ><![CDATA[<CENTER><STRONG><FONT COLOR=#009A63>Step completed successfully</FONT></STRONG></CENTER>]]></Details>
<Time><![CDATA[15-08-2019 - 01:19:34]]></Time>
<TimeTick>1565812174</TimeTick>
<NodeArgs eType="General" icon="7" nRep="66" status="Passed" >
<Disp><![CDATA[Custom Request: productsAndServices_8]]></Disp>
<BtmPane vType="HTMLSNSH" >
<Path><![CDATA[\Iteration1\t28.inf]]></Path>
</BtmPane>
</NodeArgs>
</Step>
<Step rID="T63">
<Obj plainTxt="False" ><![CDATA[Service: Reg Find]]></Obj>
<Details plainTxt="False" ><![CDATA[<CENTER><STRONG><FONT COLOR=#00AF00>Text=Hide ad</FONT></STRONG></CENTER>]]></Details>
<Time><![CDATA[15-08-2019 - 01:19:34]]></Time>
<TimeTick>1565812174</TimeTick>
<NodeArgs eType="General" icon="8" nRep="67" >
<Disp><![CDATA[Service: Reg Find]]></Disp>
</NodeArgs>
</Step>
<Step rID="T64">
<Obj plainTxt="False" ><![CDATA[Service: Add Auto Header]]></Obj>
<Details plainTxt="False" ><![CDATA[<CENTER>Add the following header to all subsequent HTTP requests :<BR><STRONG><FONT COLOR=#00AF00>Session-Prefix: uXjFSXJAvO7AJufy</FONT></STRONG></CENTER>]]></Details>
<Time><![CDATA[15-08-2019 - 01:19:34]]></Time>
<TimeTick>1565812174</TimeTick>
<NodeArgs eType="General" icon="9" nRep="68" >
<Disp><![CDATA[Service: Add Auto Header]]></Disp>
</NodeArgs>
</Step>
<Step rID="T65">
<Obj plainTxt="False" ><![CDATA[Url: loadTranslations_6]]></Obj>
<Details plainTxt="False" ><![CDATA[<CENTER><STRONG><FONT COLOR=#009A63>Step completed successfully</FONT></STRONG></CENTER>]]></Details>
<Time><![CDATA[15-08-2019 - 01:19:34]]></Time>
<TimeTick>1565812174</TimeTick>
<NodeArgs eType="General" icon="5" nRep="69" status="Passed" >
<Disp><![CDATA[Url: loadTranslations_6]]></Disp>
<BtmPane vType="HTMLSNSH" >
<Path><![CDATA[\Iteration1\t29.inf]]></Path>
</BtmPane>
</NodeArgs>
</Step>
<Step rID="T66">
<Obj plainTxt="False" ><![CDATA[Service: Add Auto Header]]></Obj>
<Details plainTxt="False" ><![CDATA[<CENTER>Add the following header to all subsequent HTTP requests :<BR><STRONG><FONT COLOR=#00AF00>Origin: http://cyclos-dev-loadbalancer-568615165.eu-west-1.elb.amazonaws.com</FONT></STRONG></CENTER>]]></Details>
<Time><![CDATA[15-08-2019 - 01:19:34]]></Time>
<TimeTick>1565812174</TimeTick>
<NodeArgs eType="General" icon="9" nRep="70" >
<Disp><![CDATA[Service: Add Auto Header]]></Disp>
</NodeArgs>
</Step>
<Step rID="T67">
<Obj plainTxt="False" ><![CDATA[Service: Add Header]]></Obj>
<Details plainTxt="False" ><![CDATA[<CENTER>Add the following header to the next HTTP request :<BR><STRONG><FONT COLOR=#00AF00>Session-Prefix: uXjFSXJAvO7AJufy</FONT></STRONG></CENTER>]]></Details>
<Time><![CDATA[15-08-2019 - 01:19:34]]></Time>
<TimeTick>1565812174</TimeTick>
<NodeArgs eType="General" icon="6" nRep="71" >
<Disp><![CDATA[Service: Add Header]]></Disp>
</NodeArgs>
</Step>
<Step rID="T68">
<Obj plainTxt="False" ><![CDATA[Custom Request: productsAndServices_10]]></Obj>
<Details plainTxt="False" ><![CDATA[<CENTER><STRONG><FONT COLOR=#009A63>Step completed successfully</FONT></STRONG></CENTER>]]></Details>
<Time><![CDATA[15-08-2019 - 01:19:34]]></Time>
<TimeTick>1565812174</TimeTick>
<NodeArgs eType="General" icon="7" nRep="72" status="Passed" >
<Disp><![CDATA[Custom Request: productsAndServices_10]]></Disp>
<BtmPane vType="HTMLSNSH" >
<Path><![CDATA[\Iteration1\t30.inf]]></Path>
</BtmPane>
</NodeArgs>
</Step>
<Summary sTime="15-08-2019 - 01:19:06" eTime="15-08-2019 - 01:19:34" passed="14" failed="0" warnings="0" ></Summary>
<NodeArgs eType="StartAction" icon="2" nRep="29" status="Passed" >
<Disp><![CDATA[Action Summary]]></Disp>
</NodeArgs>
</Action>
<NodeArgs eType="StartIteration" icon="11" nRep="28" status="Passed" >
<Disp><![CDATA[BP02_Create_Ad Iteration 1 (Row 1)]]></Disp>
</NodeArgs>
</DIter>
<DIter rID="T69" iterID="2" >
<Action rID="T70">
<AName><![CDATA[Action]]></AName>
<Step rID="T71">
<Obj plainTxt="False" ><![CDATA[Service: Add Header]]></Obj>
<Details plainTxt="False" ><![CDATA[<CENTER>Add the following header to the next HTTP request :<BR><STRONG><FONT COLOR=#00AF00>Session-Prefix: uXjFSXJAvO7AJufy</FONT></STRONG></CENTER>]]></Details>
<Time><![CDATA[15-08-2019 - 01:19:34]]></Time>
<TimeTick>1565812174</TimeTick>
<NodeArgs eType="General" icon="6" nRep="77" >
<Disp><![CDATA[Service: Add Header]]></Disp>
</NodeArgs>
</Step>
<Step rID="T72">
<Obj plainTxt="False" ><![CDATA[Service: Reg Find]]></Obj>
<Details plainTxt="False" ><![CDATA[<CENTER><STRONG><FONT COLOR=#00AF00>Text=Search advertisements</FONT></STRONG></CENTER>]]></Details>
<Time><![CDATA[15-08-2019 - 01:19:34]]></Time>
<TimeTick>1565812174</TimeTick>
<NodeArgs eType="General" icon="8" nRep="78" >
<Disp><![CDATA[Service: Reg Find]]></Disp>
</NodeArgs>
</Step>
<Step rID="T73">
<Obj plainTxt="False" ><![CDATA[Url: loadTranslations_3]]></Obj>
<Details plainTxt="False" ><![CDATA[<CENTER><STRONG><FONT COLOR=#009A63>Step completed successfully</FONT></STRONG></CENTER>]]></Details>
<Time><![CDATA[15-08-2019 - 01:19:34]]></Time>
<TimeTick>1565812174</TimeTick>
<NodeArgs eType="General" icon="5" nRep="79" status="Passed" >
<Disp><![CDATA[Url: loadTranslations_3]]></Disp>
<BtmPane vType="HTMLSNSH" >
<Path><![CDATA[\Iteration2\t10.inf]]></Path>
</BtmPane>
</NodeArgs>
</Step>
<Step rID="T74">
<Obj plainTxt="False" ><![CDATA[Service: Add Header]]></Obj>
<Details plainTxt="False" ><![CDATA[<CENTER>Add the following header to the next HTTP request :<BR><STRONG><FONT COLOR=#00AF00>Origin: http://cyclos-dev-loadbalancer-568615165.eu-west-1.elb.amazonaws.com</FONT></STRONG></CENTER>]]></Details>
<Time><![CDATA[15-08-2019 - 01:19:34]]></Time>
<TimeTick>1565812174</TimeTick>
<NodeArgs eType="General" icon="6" nRep="80" >
<Disp><![CDATA[Service: Add Header]]></Disp>
</NodeArgs>
</Step>
<Step rID="T75">
<Obj plainTxt="False" ><![CDATA[Service: Add Header]]></Obj>
<Details plainTxt="False" ><![CDATA[<CENTER>Add the following header to the next HTTP request :<BR><STRONG><FONT COLOR=#00AF00>Session-Prefix: uXjFSXJAvO7AJufy</FONT></STRONG></CENTER>]]></Details>
<Time><![CDATA[15-08-2019 - 01:19:34]]></Time>
<TimeTick>1565812174</TimeTick>
<NodeArgs eType="General" icon="6" nRep="81" >
<Disp><![CDATA[Service: Add Header]]></Disp>
</NodeArgs>
</Step>
<Step rID="T76">
<Obj plainTxt="False" ><![CDATA[Custom Request: productsAndServices]]></Obj>
<Details plainTxt="False" ><![CDATA[<CENTER><STRONG><FONT COLOR=#009A63>Step completed successfully</FONT></STRONG></CENTER>]]></Details>
<Time><![CDATA[15-08-2019 - 01:19:34]]></Time>
<TimeTick>1565812174</TimeTick>
<NodeArgs eType="General" icon="7" nRep="82" status="Passed" >
<Disp><![CDATA[Custom Request: productsAndServices]]></Disp>
<BtmPane vType="HTMLSNSH" >
<Path><![CDATA[\Iteration2\t11.inf]]></Path>
</BtmPane>
</NodeArgs>
</Step>
<Step rID="T77">
<Obj plainTxt="False" ><![CDATA[Service: Add Header]]></Obj>
<Details plainTxt="False" ><![CDATA[<CENTER>Add the following header to the next HTTP request :<BR><STRONG><FONT COLOR=#00AF00>Session-Prefix: uXjFSXJAvO7AJufy</FONT></STRONG></CENTER>]]></Details>
<Time><![CDATA[15-08-2019 - 01:19:40]]></Time>
<TimeTick>1565812180</TimeTick>
<NodeArgs eType="General" icon="6" nRep="83" >
<Disp><![CDATA[Service: Add Header]]></Disp>
</NodeArgs>
</Step>
<Step rID="T78">
<Obj plainTxt="False" ><![CDATA[Service: Reg Find]]></Obj>
<Details plainTxt="False" ><![CDATA[<CENTER><STRONG><FONT COLOR=#00AF00>Text=My advertisements</FONT></STRONG></CENTER>]]></Details>
<Time><![CDATA[15-08-2019 - 01:19:40]]></Time>
<TimeTick>1565812180</TimeTick>
<NodeArgs eType="General" icon="8" nRep="84" >
<Disp><![CDATA[Service: Reg Find]]></Disp>
</NodeArgs>
</Step>
<Step rID="T79">
<Obj plainTxt="False" ><![CDATA[Url: loadTranslations_4]]></Obj>
<Details plainTxt="False" ><![CDATA[<CENTER><STRONG><FONT COLOR=#009A63>Step completed successfully</FONT></STRONG></CENTER>]]></Details>
<Time><![CDATA[15-08-2019 - 01:19:40]]></Time>
<TimeTick>1565812180</TimeTick>
<NodeArgs eType="General" icon="5" nRep="85" status="Passed" >
<Disp><![CDATA[Url: loadTranslations_4]]></Disp>
<BtmPane vType="HTMLSNSH" >
<Path><![CDATA[\Iteration2\t12.inf]]></Path>
</BtmPane>
</NodeArgs>
</Step>
<Step rID="T80">
<Obj plainTxt="False" ><![CDATA[Service: Add Auto Header]]></Obj>
<Details plainTxt="False" ><![CDATA[<CENTER>Add the following header to all subsequent HTTP requests :<BR><STRONG><FONT COLOR=#00AF00>Origin: http://cyclos-dev-loadbalancer-568615165.eu-west-1.elb.amazonaws.com</FONT></STRONG></CENTER>]]></Details>
<Time><![CDATA[15-08-2019 - 01:19:40]]></Time>
<TimeTick>1565812180</TimeTick>
<NodeArgs eType="General" icon="9" nRep="86" >
<Disp><![CDATA[Service: Add Auto Header]]></Disp>
</NodeArgs>
</Step>
<Step rID="T81">
<Obj plainTxt="False" ><![CDATA[Service: Add Header]]></Obj>
<Details plainTxt="False" ><![CDATA[<CENTER>Add the following header to the next HTTP request :<BR><STRONG><FONT COLOR=#00AF00>Session-Prefix: uXjFSXJAvO7AJufy</FONT></STRONG></CENTER>]]></Details>
<Time><![CDATA[15-08-2019 - 01:19:40]]></Time>
<TimeTick>1565812180</TimeTick>
<NodeArgs eType="General" icon="6" nRep="87" >
<Disp><![CDATA[Service: Add Header]]></Disp>
</NodeArgs>
</Step>
<Step rID="T82">
<Obj plainTxt="False" ><![CDATA[Custom Request: productsAndServices_2]]></Obj>
<Details plainTxt="False" ><![CDATA[<CENTER><STRONG><FONT COLOR=#009A63>Step completed successfully</FONT></STRONG></CENTER>]]></Details>
<Time><![CDATA[15-08-2019 - 01:19:40]]></Time>
<TimeTick>1565812180</TimeTick>
<NodeArgs eType="General" icon="7" nRep="88" status="Passed" >
<Disp><![CDATA[Custom Request: productsAndServices_2]]></Disp>
<BtmPane vType="HTMLSNSH" >
<Path><![CDATA[\Iteration2\t13.inf]]></Path>
</BtmPane>
</NodeArgs>
</Step>
<Step rID="T83">
<Obj plainTxt="False" ><![CDATA[Custom Request: productsAndServices_3]]></Obj>
<Details plainTxt="False" ><![CDATA[<CENTER><STRONG><FONT COLOR=#009A63>Step completed successfully</FONT></STRONG></CENTER>]]></Details>
<Time><![CDATA[15-08-2019 - 01:19:40]]></Time>
<TimeTick>1565812180</TimeTick>
<NodeArgs eType="General" icon="7" nRep="89" status="Passed" >
<Disp><![CDATA[Custom Request: productsAndServices_3]]></Disp>
<BtmPane vType="HTMLSNSH" >
<Path><![CDATA[\Iteration2\t14.inf]]></Path>
</BtmPane>
</NodeArgs>
</Step>
<Step rID="T84">
<Obj plainTxt="False" ><![CDATA[Service: Reg Find]]></Obj>
<Details plainTxt="False" ><![CDATA[<CENTER><STRONG><FONT COLOR=#00AF00>Text=Create new advertisement</FONT></STRONG></CENTER>]]></Details>
<Time><![CDATA[15-08-2019 - 01:19:45]]></Time>
<TimeTick>1565812185</TimeTick>
<NodeArgs eType="General" icon="8" nRep="90" >
<Disp><![CDATA[Service: Reg Find]]></Disp>
</NodeArgs>
</Step>
<Step rID="T85">
<Obj plainTxt="False" ><![CDATA[Service: Add Header]]></Obj>
<Details plainTxt="False" ><![CDATA[<CENTER>Add the following header to the next HTTP request :<BR><STRONG><FONT COLOR=#00AF00>Session-Prefix: uXjFSXJAvO7AJufy</FONT></STRONG></CENTER>]]></Details>
<Time><![CDATA[15-08-2019 - 01:19:45]]></Time>
<TimeTick>1565812185</TimeTick>
<NodeArgs eType="General" icon="6" nRep="91" >
<Disp><![CDATA[Service: Add Header]]></Disp>
</NodeArgs>
</Step>
<Step rID="T86">
<Obj plainTxt="False" ><![CDATA[Url: loadTranslations_5]]></Obj>
<Details plainTxt="False" ><![CDATA[<CENTER><STRONG><FONT COLOR=#009A63>Step completed successfully</FONT></STRONG></CENTER>]]></Details>
<Time><![CDATA[15-08-2019 - 01:19:45]]></Time>
<TimeTick>1565812185</TimeTick>
<NodeArgs eType="General" icon="5" nRep="92" status="Passed" >
<Disp><![CDATA[Url: loadTranslations_5]]></Disp>
<BtmPane vType="HTMLSNSH" >
<Path><![CDATA[\Iteration2\t15.inf]]></Path>
</BtmPane>
</NodeArgs>
</Step>
<Step rID="T87">
<Obj plainTxt="False" ><![CDATA[Service: Add Header]]></Obj>
<Details plainTxt="False" ><![CDATA[<CENTER>Add the following header to the next HTTP request :<BR><STRONG><FONT COLOR=#00AF00>Origin: http://cyclos-dev-loadbalancer-568615165.eu-west-1.elb.amazonaws.com</FONT></STRONG></CENTER>]]></Details>
<Time><![CDATA[15-08-2019 - 01:19:45]]></Time>
<TimeTick>1565812185</TimeTick>
<NodeArgs eType="General" icon="6" nRep="93" >
<Disp><![CDATA[Service: Add Header]]></Disp>
</NodeArgs>
</Step>
<Step rID="T88">
<Obj plainTxt="False" ><![CDATA[Service: Reg Save Param Json]]></Obj>
<Details plainTxt="False" ><![CDATA[<CENTER>ParamName = <STRONG><FONT COLOR=#00AF00>c_carId</FONT></STRONG><BR>QueryString = <STRONG><FONT COLOR=#00AF00>$.result.categories[0].id</FONT></STRONG></CENTER>]]></Details>
<Time><![CDATA[15-08-2019 - 01:19:45]]></Time>
<TimeTick>1565812185</TimeTick>
<NodeArgs eType="General" icon="3" nRep="94" >
<Disp><![CDATA[Service: Reg Save Param Json]]></Disp>
</NodeArgs>
</Step>
<Step rID="T89">
<Obj plainTxt="False" ><![CDATA[Service: Reg Save Param Json]]></Obj>
<Details plainTxt="False" ><![CDATA[<CENTER>ParamName = <STRONG><FONT COLOR=#00AF00>c_propertyId</FONT></STRONG><BR>QueryString = <STRONG><FONT COLOR=#00AF00>$.result.categories[1].id</FONT></STRONG></CENTER>]]></Details>
<Time><![CDATA[15-08-2019 - 01:19:45]]></Time>
<TimeTick>1565812185</TimeTick>
<NodeArgs eType="General" icon="3" nRep="95" >
<Disp><![CDATA[Service: Reg Save Param Json]]></Disp>
</NodeArgs>
</Step>
<Step rID="T90">
<Obj plainTxt="False" ><![CDATA[Service: Reg Save Param Json]]></Obj>
<Details plainTxt="False" ><![CDATA[<CENTER>ParamName = <STRONG><FONT COLOR=#00AF00>c_MediaId</FONT></STRONG><BR>QueryString = <STRONG><FONT COLOR=#00AF00>$.result.categories[2].id</FONT></STRONG></CENTER>]]></Details>
<Time><![CDATA[15-08-2019 - 01:19:45]]></Time>
<TimeTick>1565812185</TimeTick>
<NodeArgs eType="General" icon="3" nRep="96" >
<Disp><![CDATA[Service: Reg Save Param Json]]></Disp>
</NodeArgs>
</Step>
<Step rID="T91">
<Obj plainTxt="False" ><![CDATA[Service: Reg Save Param Json]]></Obj>
<Details plainTxt="False" ><![CDATA[<CENTER>ParamName = <STRONG><FONT COLOR=#00AF00>c_ServicesId</FONT></STRONG><BR>QueryString = <STRONG><FONT COLOR=#00AF00>$.result.categories[3].id</FONT></STRONG></CENTER>]]></Details>
<Time><![CDATA[15-08-2019 - 01:19:45]]></Time>
<TimeTick>1565812185</TimeTick>
<NodeArgs eType="General" icon="3" nRep="97" >
<Disp><![CDATA[Service: Reg Save Param Json]]></Disp>
</NodeArgs>
</Step>
<Step rID="T92">
<Obj plainTxt="False" ><![CDATA[Service: Reg Save Param Json]]></Obj>
<Details plainTxt="False" ><![CDATA[<CENTER>ParamName = <STRONG><FONT COLOR=#00AF00>c_unitID</FONT></STRONG><BR>QueryString = <STRONG><FONT COLOR=#00AF00>$.result.currencies[0].id</FONT></STRONG></CENTER>]]></Details>
<Time><![CDATA[15-08-2019 - 01:19:45]]></Time>
<TimeTick>1565812185</TimeTick>
<NodeArgs eType="General" icon="3" nRep="98" >
<Disp><![CDATA[Service: Reg Save Param Json]]></Disp>
</NodeArgs>
</Step>
<Step rID="T93">
<Obj plainTxt="False" ><![CDATA[Service: Add Header]]></Obj>
<Details plainTxt="False" ><![CDATA[<CENTER>Add the following header to the next HTTP request :<BR><STRONG><FONT COLOR=#00AF00>Session-Prefix: uXjFSXJAvO7AJufy</FONT></STRONG></CENTER>]]></Details>
<Time><![CDATA[15-08-2019 - 01:19:45]]></Time>
<TimeTick>1565812185</TimeTick>
<NodeArgs eType="General" icon="6" nRep="99" >
<Disp><![CDATA[Service: Add Header]]></Disp>
</NodeArgs>
</Step>
<Step rID="T94">
<Obj plainTxt="False" ><![CDATA[Custom Request: productsAndServices_4]]></Obj>
<Details plainTxt="False" ><![CDATA[<CENTER><STRONG><FONT COLOR=#009A63>Step completed successfully</FONT></STRONG></CENTER>]]></Details>
<Time><![CDATA[15-08-2019 - 01:19:45]]></Time>
<TimeTick>1565812185</TimeTick>
<NodeArgs eType="General" icon="7" nRep="100" status="Passed" >
<Disp><![CDATA[Custom Request: productsAndServices_4]]></Disp>
<BtmPane vType="HTMLSNSH" >
<Path><![CDATA[\Iteration2\t21.inf]]></Path>
</BtmPane>
</NodeArgs>
</Step>
<Step rID="T95">
<Obj plainTxt="False" ><![CDATA[Service: Add Auto Header]]></Obj>
<Details plainTxt="False" ><![CDATA[<CENTER>Add the following header to all subsequent HTTP requests :<BR><STRONG><FONT COLOR=#00AF00>Origin: http://cyclos-dev-loadbalancer-568615165.eu-west-1.elb.amazonaws.com</FONT></STRONG></CENTER>]]></Details>
<Time><![CDATA[15-08-2019 - 01:19:51]]></Time>
<TimeTick>1565812191</TimeTick>
<NodeArgs eType="General" icon="9" nRep="101" >
<Disp><![CDATA[Service: Add Auto Header]]></Disp>
</NodeArgs>
</Step>
<Step rID="T96">
<Obj plainTxt="False" ><![CDATA[Service: Add Auto Header]]></Obj>
<Details plainTxt="False" ><![CDATA[<CENTER>Add the following header to all subsequent HTTP requests :<BR><STRONG><FONT COLOR=#00AF00>Session-Prefix: uXjFSXJAvO7AJufy</FONT></STRONG></CENTER>]]></Details>
<Time><![CDATA[15-08-2019 - 01:19:51]]></Time>
<TimeTick>1565812191</TimeTick>
<NodeArgs eType="General" icon="9" nRep="102" >
<Disp><![CDATA[Service: Add Auto Header]]></Disp>
</NodeArgs>
</Step>
<Step rID="T97">
<Obj plainTxt="False" ><![CDATA[Service: Reg Save Param Json]]></Obj>
<Details plainTxt="False" ><![CDATA[<CENTER>ParamName = <STRONG><FONT COLOR=#00AF00>c_resultID1</FONT></STRONG><BR>QueryString = <STRONG><FONT COLOR=#00AF00>$.result.id</FONT></STRONG></CENTER>]]></Details>
<Time><![CDATA[15-08-2019 - 01:19:51]]></Time>
<TimeTick>1565812191</TimeTick>
<NodeArgs eType="General" icon="3" nRep="103" >
<Disp><![CDATA[Service: Reg Save Param Json]]></Disp>
</NodeArgs>
</Step>
<Step rID="T98">
<Obj plainTxt="False" ><![CDATA[Submit Data: temp]]></Obj>
<Details plainTxt="False" ><![CDATA[<CENTER><STRONG><FONT COLOR=#009A63>Step completed successfully</FONT></STRONG></CENTER>]]></Details>
<Time><![CDATA[15-08-2019 - 01:19:51]]></Time>
<TimeTick>1565812191</TimeTick>
<NodeArgs eType="General" icon="10" nRep="104" status="Passed" >
<Disp><![CDATA[Submit Data: temp]]></Disp>
<BtmPane vType="HTMLSNSH" >
<Path><![CDATA[\Iteration2\t23.inf]]></Path>
</BtmPane>
</NodeArgs>
</Step>
<Step rID="T99">
<Obj plainTxt="False" ><![CDATA[Service: Reg Save Param]]></Obj>
<Details plainTxt="False" ><![CDATA[<CENTER>ParamName =<STRONG><FONT COLOR=#00AF00>c_productID</FONT></STRONG><BR>Left Boundary = <STRONG><FONT COLOR=#00AF00>LB=result":"</FONT></STRONG><BR>Right Boundary = <STRONG><FONT COLOR=#00AF00>RB="}</FONT></STRONG><BR>Instance = <STRONG><FONT COLOR=#00AF00></FONT></STRONG></CENTER>]]></Details>
<Time><![CDATA[15-08-2019 - 01:19:51]]></Time>
<TimeTick>1565812191</TimeTick>
<NodeArgs eType="General" icon="3" nRep="105" >
<Disp><![CDATA[Service: Reg Save Param]]></Disp>
</NodeArgs>
</Step>
<Step rID="T100">
<Obj plainTxt="False" ><![CDATA[Custom Request: productsAndServices_5]]></Obj>
<Details plainTxt="False" ><![CDATA[<CENTER><STRONG><FONT COLOR=#009A63>Step completed successfully</FONT></STRONG></CENTER>]]></Details>
<Time><![CDATA[15-08-2019 - 01:19:51]]></Time>
<TimeTick>1565812191</TimeTick>
<NodeArgs eType="General" icon="7" nRep="106" status="Passed" >
<Disp><![CDATA[Custom Request: productsAndServices_5]]></Disp>
<BtmPane vType="HTMLSNSH" >
<Path><![CDATA[\Iteration2\t24.inf]]></Path>
</BtmPane>
</NodeArgs>
</Step>
<Step rID="T101">
<Obj plainTxt="False" ><![CDATA[Service: Reg Find]]></Obj>
<Details plainTxt="False" ><![CDATA[<CENTER><STRONG><FONT COLOR=#00AF00>Text=ACTIVE</FONT></STRONG></CENTER>]]></Details>
<Time><![CDATA[15-08-2019 - 01:19:51]]></Time>
<TimeTick>1565812191</TimeTick>
<NodeArgs eType="General" icon="8" nRep="107" >
<Disp><![CDATA[Service: Reg Find]]></Disp>
</NodeArgs>
</Step>
<Step rID="T102">
<Obj plainTxt="False" ><![CDATA[Custom Request: productsAndServices_6]]></Obj>
<Details plainTxt="False" ><![CDATA[<CENTER><STRONG><FONT COLOR=#009A63>Step completed successfully</FONT></STRONG></CENTER>]]></Details>
<Time><![CDATA[15-08-2019 - 01:19:51]]></Time>
<TimeTick>1565812191</TimeTick>
<NodeArgs eType="General" icon="7" nRep="108" status="Passed" >
<Disp><![CDATA[Custom Request: productsAndServices_6]]></Disp>
<BtmPane vType="HTMLSNSH" >
<Path><![CDATA[\Iteration2\t25.inf]]></Path>
</BtmPane>
</NodeArgs>
</Step>
<Step rID="T103">
<Obj plainTxt="False" ><![CDATA[Service: Reg Find]]></Obj>
<Details plainTxt="False" ><![CDATA[<CENTER><STRONG><FONT COLOR=#00AF00>Text=ADVERTISEMENT</FONT></STRONG></CENTER>]]></Details>
<Time><![CDATA[15-08-2019 - 01:19:56]]></Time>
<TimeTick>1565812196</TimeTick>
<NodeArgs eType="General" icon="8" nRep="109" >
<Disp><![CDATA[Service: Reg Find]]></Disp>
</NodeArgs>
</Step>
<Step rID="T104">
<Obj plainTxt="False" ><![CDATA[Custom Request: productsAndServices_7]]></Obj>
<Details plainTxt="False" ><![CDATA[<CENTER><STRONG><FONT COLOR=#009A63>Step completed successfully</FONT></STRONG></CENTER>]]></Details>
<Time><![CDATA[15-08-2019 - 01:19:57]]></Time>
<TimeTick>1565812197</TimeTick>
<NodeArgs eType="General" icon="7" nRep="110" status="Passed" >
<Disp><![CDATA[Custom Request: productsAndServices_7]]></Disp>
<BtmPane vType="HTMLSNSH" >
<Path><![CDATA[\Iteration2\t26.inf]]></Path>
</BtmPane>
</NodeArgs>
</Step>
<Step rID="T105">
<Obj plainTxt="False" ><![CDATA[Service: Reg Save Param Json]]></Obj>
<Details plainTxt="False" ><![CDATA[<CENTER>ParamName = <STRONG><FONT COLOR=#00AF00>c_adselectid</FONT></STRONG><BR>QueryString = <STRONG><FONT COLOR=#00AF00>$.result.pageItems[0].id</FONT></STRONG></CENTER>]]></Details>
<Time><![CDATA[15-08-2019 - 01:20:02]]></Time>
<TimeTick>1565812202</TimeTick>
<NodeArgs eType="General" icon="3" nRep="111" >
<Disp><![CDATA[Service: Reg Save Param Json]]></Disp>
</NodeArgs>
</Step>
<Step rID="T106">
<Obj plainTxt="False" ><![CDATA[Service: Reg Find]]></Obj>
<Details plainTxt="False" ><![CDATA[<CENTER><STRONG><FONT COLOR=#00AF00>Text=ACTIVE</FONT></STRONG></CENTER>]]></Details>
<Time><![CDATA[15-08-2019 - 01:20:02]]></Time>
<TimeTick>1565812202</TimeTick>
<NodeArgs eType="General" icon="8" nRep="112" >
<Disp><![CDATA[Service: Reg Find]]></Disp>
</NodeArgs>
</Step>
<Step rID="T107">
<Obj plainTxt="False" ><![CDATA[Custom Request: productsAndServices_8]]></Obj>
<Details plainTxt="False" ><![CDATA[<CENTER><STRONG><FONT COLOR=#009A63>Step completed successfully</FONT></STRONG></CENTER>]]></Details>
<Time><![CDATA[15-08-2019 - 01:20:02]]></Time>
<TimeTick>1565812202</TimeTick>
<NodeArgs eType="General" icon="7" nRep="113" status="Passed" >
<Disp><![CDATA[Custom Request: productsAndServices_8]]></Disp>
<BtmPane vType="HTMLSNSH" >
<Path><![CDATA[\Iteration2\t28.inf]]></Path>
</BtmPane>
</NodeArgs>
</Step>
<Step rID="T108">
<Obj plainTxt="False" ><![CDATA[Service: Reg Find]]></Obj>
<Details plainTxt="False" ><![CDATA[<CENTER><STRONG><FONT COLOR=#00AF00>Text=Hide ad</FONT></STRONG></CENTER>]]></Details>
<Time><![CDATA[15-08-2019 - 01:20:02]]></Time>
<TimeTick>1565812202</TimeTick>
<NodeArgs eType="General" icon="8" nRep="114" >
<Disp><![CDATA[Service: Reg Find]]></Disp>
</NodeArgs>
</Step>
<Step rID="T109">
<Obj plainTxt="False" ><![CDATA[Service: Add Auto Header]]></Obj>
<Details plainTxt="False" ><![CDATA[<CENTER>Add the following header to all subsequent HTTP requests :<BR><STRONG><FONT COLOR=#00AF00>Session-Prefix: uXjFSXJAvO7AJufy</FONT></STRONG></CENTER>]]></Details>
<Time><![CDATA[15-08-2019 - 01:20:02]]></Time>
<TimeTick>1565812202</TimeTick>
<NodeArgs eType="General" icon="9" nRep="115" >
<Disp><![CDATA[Service: Add Auto Header]]></Disp>
</NodeArgs>
</Step>
<Step rID="T110">
<Obj plainTxt="False" ><![CDATA[Url: loadTranslations_6]]></Obj>
<Details plainTxt="False" ><![CDATA[<CENTER><STRONG><FONT COLOR=#009A63>Step completed successfully</FONT></STRONG></CENTER>]]></Details>
<Time><![CDATA[15-08-2019 - 01:20:02]]></Time>
<TimeTick>1565812202</TimeTick>
<NodeArgs eType="General" icon="5" nRep="116" status="Passed" >
<Disp><![CDATA[Url: loadTranslations_6]]></Disp>
<BtmPane vType="HTMLSNSH" >
<Path><![CDATA[\Iteration2\t29.inf]]></Path>
</BtmPane>
</NodeArgs>
</Step>
<Step rID="T111">
<Obj plainTxt="False" ><![CDATA[Service: Add Auto Header]]></Obj>
<Details plainTxt="False" ><![CDATA[<CENTER>Add the following header to all subsequent HTTP requests :<BR><STRONG><FONT COLOR=#00AF00>Origin: http://cyclos-dev-loadbalancer-568615165.eu-west-1.elb.amazonaws.com</FONT></STRONG></CENTER>]]></Details>
<Time><![CDATA[15-08-2019 - 01:20:02]]></Time>
<TimeTick>1565812202</TimeTick>
<NodeArgs eType="General" icon="9" nRep="117" >
<Disp><![CDATA[Service: Add Auto Header]]></Disp>
</NodeArgs>
</Step>
<Step rID="T112">
<Obj plainTxt="False" ><![CDATA[Service: Add Header]]></Obj>
<Details plainTxt="False" ><![CDATA[<CENTER>Add the following header to the next HTTP request :<BR><STRONG><FONT COLOR=#00AF00>Session-Prefix: uXjFSXJAvO7AJufy</FONT></STRONG></CENTER>]]></Details>
<Time><![CDATA[15-08-2019 - 01:20:02]]></Time>
<TimeTick>1565812202</TimeTick>
<NodeArgs eType="General" icon="6" nRep="118" >
<Disp><![CDATA[Service: Add Header]]></Disp>
</NodeArgs>
</Step>
<Step rID="T113">
<Obj plainTxt="False" ><![CDATA[Custom Request: productsAndServices_10]]></Obj>
<Details plainTxt="False" ><![CDATA[<CENTER><STRONG><FONT COLOR=#009A63>Step completed successfully</FONT></STRONG></CENTER>]]></Details>
<Time><![CDATA[15-08-2019 - 01:20:02]]></Time>
<TimeTick>1565812202</TimeTick>
<NodeArgs eType="General" icon="7" nRep="119" status="Passed" >
<Disp><![CDATA[Custom Request: productsAndServices_10]]></Disp>
<BtmPane vType="HTMLSNSH" >
<Path><![CDATA[\Iteration2\t30.inf]]></Path>
</BtmPane>
</NodeArgs>
</Step>
<Summary sTime="15-08-2019 - 01:19:34" eTime="15-08-2019 - 01:20:02" passed="14" failed="0" warnings="0" ></Summary>
<NodeArgs eType="StartAction" icon="2" nRep="76" status="Passed" >
<Disp><![CDATA[Action Summary]]></Disp>
</NodeArgs>
</Action>
<NodeArgs eType="StartIteration" icon="11" nRep="75" status="Passed" >
<Disp><![CDATA[BP02_Create_Ad Iteration 2 (Row 2)]]></Disp>
</NodeArgs>
</DIter>
<DIter rID="T114" iterID="3" >
<Action rID="T115">
<AName><![CDATA[Action]]></AName>
<Step rID="T116">
<Obj plainTxt="False" ><![CDATA[Service: Add Header]]></Obj>
<Details plainTxt="False" ><![CDATA[<CENTER>Add the following header to the next HTTP request :<BR><STRONG><FONT COLOR=#00AF00>Session-Prefix: uXjFSXJAvO7AJufy</FONT></STRONG></CENTER>]]></Details>
<Time><![CDATA[15-08-2019 - 01:20:02]]></Time>
<TimeTick>1565812202</TimeTick>
<NodeArgs eType="General" icon="6" nRep="124" >
<Disp><![CDATA[Service: Add Header]]></Disp>
</NodeArgs>
</Step>
<Step rID="T117">
<Obj plainTxt="False" ><![CDATA[Service: Reg Find]]></Obj>
<Details plainTxt="False" ><![CDATA[<CENTER><STRONG><FONT COLOR=#00AF00>Text=Search advertisements</FONT></STRONG></CENTER>]]></Details>
<Time><![CDATA[15-08-2019 - 01:20:02]]></Time>
<TimeTick>1565812202</TimeTick>
<NodeArgs eType="General" icon="8" nRep="125" >
<Disp><![CDATA[Service: Reg Find]]></Disp>
</NodeArgs>
</Step>
<Step rID="T118">
<Obj plainTxt="False" ><![CDATA[Url: loadTranslations_3]]></Obj>
<Details plainTxt="False" ><![CDATA[<CENTER><STRONG><FONT COLOR=#009A63>Step completed successfully</FONT></STRONG></CENTER>]]></Details>
<Time><![CDATA[15-08-2019 - 01:20:03]]></Time>
<TimeTick>1565812203</TimeTick>
<NodeArgs eType="General" icon="5" nRep="126" status="Passed" >
<Disp><![CDATA[Url: loadTranslations_3]]></Disp>
<BtmPane vType="HTMLSNSH" >
<Path><![CDATA[\Iteration3\t10.inf]]></Path>
</BtmPane>
</NodeArgs>
</Step>
<Step rID="T119">
<Obj plainTxt="False" ><![CDATA[Service: Add Header]]></Obj>
<Details plainTxt="False" ><![CDATA[<CENTER>Add the following header to the next HTTP request :<BR><STRONG><FONT COLOR=#00AF00>Origin: http://cyclos-dev-loadbalancer-568615165.eu-west-1.elb.amazonaws.com</FONT></STRONG></CENTER>]]></Details>
<Time><![CDATA[15-08-2019 - 01:20:03]]></Time>
<TimeTick>1565812203</TimeTick>
<NodeArgs eType="General" icon="6" nRep="127" >
<Disp><![CDATA[Service: Add Header]]></Disp>
</NodeArgs>
</Step>
<Step rID="T120">
<Obj plainTxt="False" ><![CDATA[Service: Add Header]]></Obj>
<Details plainTxt="False" ><![CDATA[<CENTER>Add the following header to the next HTTP request :<BR><STRONG><FONT COLOR=#00AF00>Session-Prefix: uXjFSXJAvO7AJufy</FONT></STRONG></CENTER>]]></Details>
<Time><![CDATA[15-08-2019 - 01:20:03]]></Time>
<TimeTick>1565812203</TimeTick>
<NodeArgs eType="General" icon="6" nRep="128" >
<Disp><![CDATA[Service: Add Header]]></Disp>
</NodeArgs>
</Step>
<Step rID="T121">
<Obj plainTxt="False" ><![CDATA[Custom Request: productsAndServices]]></Obj>
<Details plainTxt="False" ><![CDATA[<CENTER><STRONG><FONT COLOR=#009A63>Step completed successfully</FONT></STRONG></CENTER>]]></Details>
<Time><![CDATA[15-08-2019 - 01:20:03]]></Time>
<TimeTick>1565812203</TimeTick>
<NodeArgs eType="General" icon="7" nRep="129" status="Passed" >
<Disp><![CDATA[Custom Request: productsAndServices]]></Disp>
<BtmPane vType="HTMLSNSH" >
<Path><![CDATA[\Iteration3\t11.inf]]></Path>
</BtmPane>
</NodeArgs>
</Step>
<Step rID="T122">
<Obj plainTxt="False" ><![CDATA[Service: Add Header]]></Obj>
<Details plainTxt="False" ><![CDATA[<CENTER>Add the following header to the next HTTP request :<BR><STRONG><FONT COLOR=#00AF00>Session-Prefix: uXjFSXJAvO7AJufy</FONT></STRONG></CENTER>]]></Details>
<Time><![CDATA[15-08-2019 - 01:20:08]]></Time>
<TimeTick>1565812208</TimeTick>
<NodeArgs eType="General" icon="6" nRep="130" >
<Disp><![CDATA[Service: Add Header]]></Disp>
</NodeArgs>
</Step>
<Step rID="T123">
<Obj plainTxt="False" ><![CDATA[Service: Reg Find]]></Obj>
<Details plainTxt="False" ><![CDATA[<CENTER><STRONG><FONT COLOR=#00AF00>Text=My advertisements</FONT></STRONG></CENTER>]]></Details>
<Time><![CDATA[15-08-2019 - 01:20:08]]></Time>
<TimeTick>1565812208</TimeTick>
<NodeArgs eType="General" icon="8" nRep="131" >
<Disp><![CDATA[Service: Reg Find]]></Disp>
</NodeArgs>
</Step>
<Step rID="T124">
<Obj plainTxt="False" ><![CDATA[Url: loadTranslations_4]]></Obj>
<Details plainTxt="False" ><![CDATA[<CENTER><STRONG><FONT COLOR=#009A63>Step completed successfully</FONT></STRONG></CENTER>]]></Details>
<Time><![CDATA[15-08-2019 - 01:20:08]]></Time>
<TimeTick>1565812208</TimeTick>
<NodeArgs eType="General" icon="5" nRep="132" status="Passed" >
<Disp><![CDATA[Url: loadTranslations_4]]></Disp>
<BtmPane vType="HTMLSNSH" >
<Path><![CDATA[\Iteration3\t12.inf]]></Path>
</BtmPane>
</NodeArgs>
</Step>
<Step rID="T125">
<Obj plainTxt="False" ><![CDATA[Service: Add Auto Header]]></Obj>
<Details plainTxt="False" ><![CDATA[<CENTER>Add the following header to all subsequent HTTP requests :<BR><STRONG><FONT COLOR=#00AF00>Origin: http://cyclos-dev-loadbalancer-568615165.eu-west-1.elb.amazonaws.com</FONT></STRONG></CENTER>]]></Details>
<Time><![CDATA[15-08-2019 - 01:20:08]]></Time>
<TimeTick>1565812208</TimeTick>
<NodeArgs eType="General" icon="9" nRep="133" >
<Disp><![CDATA[Service: Add Auto Header]]></Disp>
</NodeArgs>
</Step>
<Step rID="T126">
<Obj plainTxt="False" ><![CDATA[Service: Add Header]]></Obj>
<Details plainTxt="False" ><![CDATA[<CENTER>Add the following header to the next HTTP request :<BR><STRONG><FONT COLOR=#00AF00>Session-Prefix: uXjFSXJAvO7AJufy</FONT></STRONG></CENTER>]]></Details>
<Time><![CDATA[15-08-2019 - 01:20:08]]></Time>
<TimeTick>1565812208</TimeTick>
<NodeArgs eType="General" icon="6" nRep="134" >
<Disp><![CDATA[Service: Add Header]]></Disp>
</NodeArgs>
</Step>
<Step rID="T127">
<Obj plainTxt="False" ><![CDATA[Custom Request: productsAndServices_2]]></Obj>
<Details plainTxt="False" ><![CDATA[<CENTER><STRONG><FONT COLOR=#009A63>Step completed successfully</FONT></STRONG></CENTER>]]></Details>
<Time><![CDATA[15-08-2019 - 01:20:08]]></Time>
<TimeTick>1565812208</TimeTick>
<NodeArgs eType="General" icon="7" nRep="135" status="Passed" >
<Disp><![CDATA[Custom Request: productsAndServices_2]]></Disp>
<BtmPane vType="HTMLSNSH" >
<Path><![CDATA[\Iteration3\t13.inf]]></Path>
</BtmPane>
</NodeArgs>
</Step>
<Step rID="T128">
<Obj plainTxt="False" ><![CDATA[Custom Request: productsAndServices_3]]></Obj>
<Details plainTxt="False" ><![CDATA[<CENTER><STRONG><FONT COLOR=#009A63>Step completed successfully</FONT></STRONG></CENTER>]]></Details>
<Time><![CDATA[15-08-2019 - 01:20:08]]></Time>
<TimeTick>1565812208</TimeTick>
<NodeArgs eType="General" icon="7" nRep="136" status="Passed" >
<Disp><![CDATA[Custom Request: productsAndServices_3]]></Disp>
<BtmPane vType="HTMLSNSH" >
<Path><![CDATA[\Iteration3\t14.inf]]></Path>
</BtmPane>
</NodeArgs>
</Step>
<Step rID="T129">
<Obj plainTxt="False" ><![CDATA[Service: Reg Find]]></Obj>
<Details plainTxt="False" ><![CDATA[<CENTER><STRONG><FONT COLOR=#00AF00>Text=Create new advertisement</FONT></STRONG></CENTER>]]></Details>
<Time><![CDATA[15-08-2019 - 01:20:13]]></Time>
<TimeTick>1565812213</TimeTick>
<NodeArgs eType="General" icon="8" nRep="137" >
<Disp><![CDATA[Service: Reg Find]]></Disp>
</NodeArgs>
</Step>
<Step rID="T130">
<Obj plainTxt="False" ><![CDATA[Service: Add Header]]></Obj>
<Details plainTxt="False" ><![CDATA[<CENTER>Add the following header to the next HTTP request :<BR><STRONG><FONT COLOR=#00AF00>Session-Prefix: uXjFSXJAvO7AJufy</FONT></STRONG></CENTER>]]></Details>
<Time><![CDATA[15-08-2019 - 01:20:13]]></Time>
<TimeTick>1565812213</TimeTick>
<NodeArgs eType="General" icon="6" nRep="138" >
<Disp><![CDATA[Service: Add Header]]></Disp>
</NodeArgs>
</Step>
<Step rID="T131">
<Obj plainTxt="False" ><![CDATA[Url: loadTranslations_5]]></Obj>
<Details plainTxt="False" ><![CDATA[<CENTER><STRONG><FONT COLOR=#009A63>Step completed successfully</FONT></STRONG></CENTER>]]></Details>
<Time><![CDATA[15-08-2019 - 01:20:14]]></Time>
<TimeTick>1565812214</TimeTick>
<NodeArgs eType="General" icon="5" nRep="139" status="Passed" >
<Disp><![CDATA[Url: loadTranslations_5]]></Disp>
<BtmPane vType="HTMLSNSH" >
<Path><![CDATA[\Iteration3\t15.inf]]></Path>
</BtmPane>
</NodeArgs>
</Step>
<Step rID="T132">
<Obj plainTxt="False" ><![CDATA[Service: Add Header]]></Obj>
<Details plainTxt="False" ><![CDATA[<CENTER>Add the following header to the next HTTP request :<BR><STRONG><FONT COLOR=#00AF00>Origin: http://cyclos-dev-loadbalancer-568615165.eu-west-1.elb.amazonaws.com</FONT></STRONG></CENTER>]]></Details>
<Time><![CDATA[15-08-2019 - 01:20:14]]></Time>
<TimeTick>1565812214</TimeTick>
<NodeArgs eType="General" icon="6" nRep="140" >
<Disp><![CDATA[Service: Add Header]]></Disp>
</NodeArgs>
</Step>
<Step rID="T133">
<Obj plainTxt="False" ><![CDATA[Service: Reg Save Param Json]]></Obj>
<Details plainTxt="False" ><![CDATA[<CENTER>ParamName = <STRONG><FONT COLOR=#00AF00>c_carId</FONT></STRONG><BR>QueryString = <STRONG><FONT COLOR=#00AF00>$.result.categories[0].id</FONT></STRONG></CENTER>]]></Details>
<Time><![CDATA[15-08-2019 - 01:20:14]]></Time>
<TimeTick>1565812214</TimeTick>
<NodeArgs eType="General" icon="3" nRep="141" >
<Disp><![CDATA[Service: Reg Save Param Json]]></Disp>
</NodeArgs>
</Step>
<Step rID="T134">
<Obj plainTxt="False" ><![CDATA[Service: Reg Save Param Json]]></Obj>
<Details plainTxt="False" ><![CDATA[<CENTER>ParamName = <STRONG><FONT COLOR=#00AF00>c_propertyId</FONT></STRONG><BR>QueryString = <STRONG><FONT COLOR=#00AF00>$.result.categories[1].id</FONT></STRONG></CENTER>]]></Details>
<Time><![CDATA[15-08-2019 - 01:20:14]]></Time>
<TimeTick>1565812214</TimeTick>
<NodeArgs eType="General" icon="3" nRep="142" >
<Disp><![CDATA[Service: Reg Save Param Json]]></Disp>
</NodeArgs>
</Step>
<Step rID="T135">
<Obj plainTxt="False" ><![CDATA[Service: Reg Save Param Json]]></Obj>
<Details plainTxt="False" ><![CDATA[<CENTER>ParamName = <STRONG><FONT COLOR=#00AF00>c_MediaId</FONT></STRONG><BR>QueryString = <STRONG><FONT COLOR=#00AF00>$.result.categories[2].id</FONT></STRONG></CENTER>]]></Details>
<Time><![CDATA[15-08-2019 - 01:20:14]]></Time>
<TimeTick>1565812214</TimeTick>
<NodeArgs eType="General" icon="3" nRep="143" >
<Disp><![CDATA[Service: Reg Save Param Json]]></Disp>
</NodeArgs>
</Step>
<Step rID="T136">
<Obj plainTxt="False" ><![CDATA[Service: Reg Save Param Json]]></Obj>
<Details plainTxt="False" ><![CDATA[<CENTER>ParamName = <STRONG><FONT COLOR=#00AF00>c_ServicesId</FONT></STRONG><BR>QueryString = <STRONG><FONT COLOR=#00AF00>$.result.categories[3].id</FONT></STRONG></CENTER>]]></Details>
<Time><![CDATA[15-08-2019 - 01:20:14]]></Time>
<TimeTick>1565812214</TimeTick>
<NodeArgs eType="General" icon="3" nRep="144" >
<Disp><![CDATA[Service: Reg Save Param Json]]></Disp>
</NodeArgs>
</Step>
<Step rID="T137">
<Obj plainTxt="False" ><![CDATA[Service: Reg Save Param Json]]></Obj>
<Details plainTxt="False" ><![CDATA[<CENTER>ParamName = <STRONG><FONT COLOR=#00AF00>c_unitID</FONT></STRONG><BR>QueryString = <STRONG><FONT COLOR=#00AF00>$.result.currencies[0].id</FONT></STRONG></CENTER>]]></Details>
<Time><![CDATA[15-08-2019 - 01:20:14]]></Time>
<TimeTick>1565812214</TimeTick>
<NodeArgs eType="General" icon="3" nRep="145" >
<Disp><![CDATA[Service: Reg Save Param Json]]></Disp>
</NodeArgs>
</Step>
<Step rID="T138">
<Obj plainTxt="False" ><![CDATA[Service: Add Header]]></Obj>
<Details plainTxt="False" ><![CDATA[<CENTER>Add the following header to the next HTTP request :<BR><STRONG><FONT COLOR=#00AF00>Session-Prefix: uXjFSXJAvO7AJufy</FONT></STRONG></CENTER>]]></Details>
<Time><![CDATA[15-08-2019 - 01:20:14]]></Time>
<TimeTick>1565812214</TimeTick>
<NodeArgs eType="General" icon="6" nRep="146" >
<Disp><![CDATA[Service: Add Header]]></Disp>
</NodeArgs>
</Step>
<Step rID="T139">
<Obj plainTxt="False" ><![CDATA[Custom Request: productsAndServices_4]]></Obj>
<Details plainTxt="False" ><![CDATA[<CENTER><STRONG><FONT COLOR=#009A63>Step completed successfully</FONT></STRONG></CENTER>]]></Details>
<Time><![CDATA[15-08-2019 - 01:20:14]]></Time>
<TimeTick>1565812214</TimeTick>
<NodeArgs eType="General" icon="7" nRep="147" status="Passed" >
<Disp><![CDATA[Custom Request: productsAndServices_4]]></Disp>
<BtmPane vType="HTMLSNSH" >
<Path><![CDATA[\Iteration3\t21.inf]]></Path>
</BtmPane>
</NodeArgs>
</Step>
<Step rID="T140">
<Obj plainTxt="False" ><![CDATA[Service: Add Auto Header]]></Obj>
<Details plainTxt="False" ><![CDATA[<CENTER>Add the following header to all subsequent HTTP requests :<BR><STRONG><FONT COLOR=#00AF00>Origin: http://cyclos-dev-loadbalancer-568615165.eu-west-1.elb.amazonaws.com</FONT></STRONG></CENTER>]]></Details>
<Time><![CDATA[15-08-2019 - 01:20:19]]></Time>
<TimeTick>1565812219</TimeTick>
<NodeArgs eType="General" icon="9" nRep="148" >
<Disp><![CDATA[Service: Add Auto Header]]></Disp>
</NodeArgs>
</Step>
<Step rID="T141">
<Obj plainTxt="False" ><![CDATA[Service: Add Auto Header]]></Obj>
<Details plainTxt="False" ><![CDATA[<CENTER>Add the following header to all subsequent HTTP requests :<BR><STRONG><FONT COLOR=#00AF00>Session-Prefix: uXjFSXJAvO7AJufy</FONT></STRONG></CENTER>]]></Details>
<Time><![CDATA[15-08-2019 - 01:20:19]]></Time>
<TimeTick>1565812219</TimeTick>
<NodeArgs eType="General" icon="9" nRep="149" >
<Disp><![CDATA[Service: Add Auto Header]]></Disp>
</NodeArgs>
</Step>
<Step rID="T142">
<Obj plainTxt="False" ><![CDATA[Service: Reg Save Param Json]]></Obj>
<Details plainTxt="False" ><![CDATA[<CENTER>ParamName = <STRONG><FONT COLOR=#00AF00>c_resultID1</FONT></STRONG><BR>QueryString = <STRONG><FONT COLOR=#00AF00>$.result.id</FONT></STRONG></CENTER>]]></Details>
<Time><![CDATA[15-08-2019 - 01:20:19]]></Time>
<TimeTick>1565812219</TimeTick>
<NodeArgs eType="General" icon="3" nRep="150" >
<Disp><![CDATA[Service: Reg Save Param Json]]></Disp>
</NodeArgs>
</Step>
<Step rID="T143">
<Obj plainTxt="False" ><![CDATA[Submit Data: temp]]></Obj>
<Details plainTxt="False" ><![CDATA[<CENTER><STRONG><FONT COLOR=#009A63>Step completed successfully</FONT></STRONG></CENTER>]]></Details>
<Time><![CDATA[15-08-2019 - 01:20:19]]></Time>
<TimeTick>1565812219</TimeTick>
<NodeArgs eType="General" icon="10" nRep="151" status="Passed" >
<Disp><![CDATA[Submit Data: temp]]></Disp>
<BtmPane vType="HTMLSNSH" >
<Path><![CDATA[\Iteration3\t23.inf]]></Path>
</BtmPane>
</NodeArgs>
</Step>
<Step rID="T144">
<Obj plainTxt="False" ><![CDATA[Service: Reg Save Param]]></Obj>
<Details plainTxt="False" ><![CDATA[<CENTER>ParamName =<STRONG><FONT COLOR=#00AF00>c_productID</FONT></STRONG><BR>Left Boundary = <STRONG><FONT COLOR=#00AF00>LB=result":"</FONT></STRONG><BR>Right Boundary = <STRONG><FONT COLOR=#00AF00>RB="}</FONT></STRONG><BR>Instance = <STRONG><FONT COLOR=#00AF00></FONT></STRONG></CENTER>]]></Details>
<Time><![CDATA[15-08-2019 - 01:20:19]]></Time>
<TimeTick>1565812219</TimeTick>
<NodeArgs eType="General" icon="3" nRep="152" >
<Disp><![CDATA[Service: Reg Save Param]]></Disp>
</NodeArgs>
</Step>
<Step rID="T145">
<Obj plainTxt="False" ><![CDATA[Custom Request: productsAndServices_5]]></Obj>
<Details plainTxt="False" ><![CDATA[<CENTER><STRONG><FONT COLOR=#009A63>Step completed successfully</FONT></STRONG></CENTER>]]></Details>
<Time><![CDATA[15-08-2019 - 01:20:19]]></Time>
<TimeTick>1565812219</TimeTick>
<NodeArgs eType="General" icon="7" nRep="153" status="Passed" >
<Disp><![CDATA[Custom Request: productsAndServices_5]]></Disp>
<BtmPane vType="HTMLSNSH" >
<Path><![CDATA[\Iteration3\t24.inf]]></Path>
</BtmPane>
</NodeArgs>
</Step>
<Step rID="T146">
<Obj plainTxt="False" ><![CDATA[Service: Reg Find]]></Obj>
<Details plainTxt="False" ><![CDATA[<CENTER><STRONG><FONT COLOR=#00AF00>Text=ACTIVE</FONT></STRONG></CENTER>]]></Details>
<Time><![CDATA[15-08-2019 - 01:20:19]]></Time>
<TimeTick>1565812219</TimeTick>
<NodeArgs eType="General" icon="8" nRep="154" >
<Disp><![CDATA[Service: Reg Find]]></Disp>
</NodeArgs>
</Step>
<Step rID="T147">
<Obj plainTxt="False" ><![CDATA[Custom Request: productsAndServices_6]]></Obj>
<Details plainTxt="False" ><![CDATA[<CENTER><STRONG><FONT COLOR=#009A63>Step completed successfully</FONT></STRONG></CENTER>]]></Details>
<Time><![CDATA[15-08-2019 - 01:20:20]]></Time>
<TimeTick>1565812220</TimeTick>
<NodeArgs eType="General" icon="7" nRep="155" status="Passed" >
<Disp><![CDATA[Custom Request: productsAndServices_6]]></Disp>
<BtmPane vType="HTMLSNSH" >
<Path><![CDATA[\Iteration3\t25.inf]]></Path>
</BtmPane>
</NodeArgs>
</Step>
<Step rID="T148">
<Obj plainTxt="False" ><![CDATA[Service: Reg Find]]></Obj>
<Details plainTxt="False" ><![CDATA[<CENTER><STRONG><FONT COLOR=#00AF00>Text=ADVERTISEMENT</FONT></STRONG></CENTER>]]></Details>
<Time><![CDATA[15-08-2019 - 01:20:25]]></Time>
<TimeTick>1565812225</TimeTick>
<NodeArgs eType="General" icon="8" nRep="156" >
<Disp><![CDATA[Service: Reg Find]]></Disp>
</NodeArgs>
</Step>
<Step rID="T149">
<Obj plainTxt="False" ><![CDATA[Custom Request: productsAndServices_7]]></Obj>
<Details plainTxt="False" ><![CDATA[<CENTER><STRONG><FONT COLOR=#009A63>Step completed successfully</FONT></STRONG></CENTER>]]></Details>
<Time><![CDATA[15-08-2019 - 01:20:25]]></Time>
<TimeTick>1565812225</TimeTick>
<NodeArgs eType="General" icon="7" nRep="157" status="Passed" >
<Disp><![CDATA[Custom Request: productsAndServices_7]]></Disp>
<BtmPane vType="HTMLSNSH" >
<Path><![CDATA[\Iteration3\t26.inf]]></Path>
</BtmPane>
</NodeArgs>
</Step>
<Step rID="T150">
<Obj plainTxt="False" ><![CDATA[Service: Reg Save Param Json]]></Obj>
<Details plainTxt="False" ><![CDATA[<CENTER>ParamName = <STRONG><FONT COLOR=#00AF00>c_adselectid</FONT></STRONG><BR>QueryString = <STRONG><FONT COLOR=#00AF00>$.result.pageItems[0].id</FONT></STRONG></CENTER>]]></Details>
<Time><![CDATA[15-08-2019 - 01:20:30]]></Time>
<TimeTick>1565812230</TimeTick>
<NodeArgs eType="General" icon="3" nRep="158" >
<Disp><![CDATA[Service: Reg Save Param Json]]></Disp>
</NodeArgs>
</Step>
<Step rID="T151">
<Obj plainTxt="False" ><![CDATA[Service: Reg Find]]></Obj>
<Details plainTxt="False" ><![CDATA[<CENTER><STRONG><FONT COLOR=#00AF00>Text=ACTIVE</FONT></STRONG></CENTER>]]></Details>
<Time><![CDATA[15-08-2019 - 01:20:30]]></Time>
<TimeTick>1565812230</TimeTick>
<NodeArgs eType="General" icon="8" nRep="159" >
<Disp><![CDATA[Service: Reg Find]]></Disp>
</NodeArgs>
</Step>
<Step rID="T152">
<Obj plainTxt="False" ><![CDATA[Custom Request: productsAndServices_8]]></Obj>
<Details plainTxt="False" ><![CDATA[<CENTER><STRONG><FONT COLOR=#009A63>Step completed successfully</FONT></STRONG></CENTER>]]></Details>
<Time><![CDATA[15-08-2019 - 01:20:30]]></Time>
<TimeTick>1565812230</TimeTick>
<NodeArgs eType="General" icon="7" nRep="160" status="Passed" >
<Disp><![CDATA[Custom Request: productsAndServices_8]]></Disp>
<BtmPane vType="HTMLSNSH" >
<Path><![CDATA[\Iteration3\t28.inf]]></Path>
</BtmPane>
</NodeArgs>
</Step>
<Step rID="T153">
<Obj plainTxt="False" ><![CDATA[Service: Reg Find]]></Obj>
<Details plainTxt="False" ><![CDATA[<CENTER><STRONG><FONT COLOR=#00AF00>Text=Hide ad</FONT></STRONG></CENTER>]]></Details>
<Time><![CDATA[15-08-2019 - 01:20:30]]></Time>
<TimeTick>1565812230</TimeTick>
<NodeArgs eType="General" icon="8" nRep="161" >
<Disp><![CDATA[Service: Reg Find]]></Disp>
</NodeArgs>
</Step>
<Step rID="T154">
<Obj plainTxt="False" ><![CDATA[Service: Add Auto Header]]></Obj>
<Details plainTxt="False" ><![CDATA[<CENTER>Add the following header to all subsequent HTTP requests :<BR><STRONG><FONT COLOR=#00AF00>Session-Prefix: uXjFSXJAvO7AJufy</FONT></STRONG></CENTER>]]></Details>
<Time><![CDATA[15-08-2019 - 01:20:30]]></Time>
<TimeTick>1565812230</TimeTick>
<NodeArgs eType="General" icon="9" nRep="162" >
<Disp><![CDATA[Service: Add Auto Header]]></Disp>
</NodeArgs>
</Step>
<Step rID="T155">
<Obj plainTxt="False" ><![CDATA[Url: loadTranslations_6]]></Obj>
<Details plainTxt="False" ><![CDATA[<CENTER><STRONG><FONT COLOR=#009A63>Step completed successfully</FONT></STRONG></CENTER>]]></Details>
<Time><![CDATA[15-08-2019 - 01:20:30]]></Time>
<TimeTick>1565812230</TimeTick>
<NodeArgs eType="General" icon="5" nRep="163" status="Passed" >
<Disp><![CDATA[Url: loadTranslations_6]]></Disp>
<BtmPane vType="HTMLSNSH" >
<Path><![CDATA[\Iteration3\t29.inf]]></Path>
</BtmPane>
</NodeArgs>
</Step>
<Step rID="T156">
<Obj plainTxt="False" ><![CDATA[Service: Add Auto Header]]></Obj>
<Details plainTxt="False" ><![CDATA[<CENTER>Add the following header to all subsequent HTTP requests :<BR><STRONG><FONT COLOR=#00AF00>Origin: http://cyclos-dev-loadbalancer-568615165.eu-west-1.elb.amazonaws.com</FONT></STRONG></CENTER>]]></Details>
<Time><![CDATA[15-08-2019 - 01:20:31]]></Time>
<TimeTick>1565812231</TimeTick>
<NodeArgs eType="General" icon="9" nRep="164" >
<Disp><![CDATA[Service: Add Auto Header]]></Disp>
</NodeArgs>
</Step>
<Step rID="T157">
<Obj plainTxt="False" ><![CDATA[Service: Add Header]]></Obj>
<Details plainTxt="False" ><![CDATA[<CENTER>Add the following header to the next HTTP request :<BR><STRONG><FONT COLOR=#00AF00>Session-Prefix: uXjFSXJAvO7AJufy</FONT></STRONG></CENTER>]]></Details>
<Time><![CDATA[15-08-2019 - 01:20:31]]></Time>
<TimeTick>1565812231</TimeTick>
<NodeArgs eType="General" icon="6" nRep="165" >
<Disp><![CDATA[Service: Add Header]]></Disp>
</NodeArgs>
</Step>
<Step rID="T158">
<Obj plainTxt="False" ><![CDATA[Custom Request: productsAndServices_10]]></Obj>
<Details plainTxt="False" ><![CDATA[<CENTER><STRONG><FONT COLOR=#009A63>Step completed successfully</FONT></STRONG></CENTER>]]></Details>
<Time><![CDATA[15-08-2019 - 01:20:31]]></Time>
<TimeTick>1565812231</TimeTick>
<NodeArgs eType="General" icon="7" nRep="166" status="Passed" >
<Disp><![CDATA[Custom Request: productsAndServices_10]]></Disp>
<BtmPane vType="HTMLSNSH" >
<Path><![CDATA[\Iteration3\t30.inf]]></Path>
</BtmPane>
</NodeArgs>
</Step>
<Summary sTime="15-08-2019 - 01:20:02" eTime="15-08-2019 - 01:20:31" passed="14" failed="0" warnings="0" ></Summary>
<NodeArgs eType="StartAction" icon="2" nRep="123" status="Passed" >
<Disp><![CDATA[Action Summary]]></Disp>
</NodeArgs>
</Action>
<NodeArgs eType="StartIteration" icon="11" nRep="122" status="Passed" >
<Disp><![CDATA[BP02_Create_Ad Iteration 3 (Row 3)]]></Disp>
</NodeArgs>
</DIter>
<Action rID="T159">
<AName><![CDATA[vuser_end]]></AName>
<Step rID="T160">
<Obj plainTxt="False" ><![CDATA[Custom Request: loginService]]></Obj>
<Details plainTxt="False" ><![CDATA[<CENTER><STRONG><FONT COLOR=#009A63>Step completed successfully</FONT></STRONG></CENTER>]]></Details>
<Time><![CDATA[15-08-2019 - 01:20:31]]></Time>
<TimeTick>1565812231</TimeTick>
<NodeArgs eType="General" icon="7" nRep="170" status="Passed" >
<Disp><![CDATA[Custom Request: loginService]]></Disp>
<BtmPane vType="HTMLSNSH" >
<Path><![CDATA[\Iteration3\t31.inf]]></Path>
</BtmPane>
</NodeArgs>
</Step>
<Step rID="T161">
<Obj plainTxt="False" ><![CDATA[Service: Remove/Revert Auto Header]]></Obj>
<Details plainTxt="False" ><![CDATA[<CENTER>Remove/revert <BR><STRONG><FONT COLOR=#00AF00>Session-Prefix</FONT></STRONG> header, implicit generation: <STRONG>Yes</STRONG></CENTER>]]></Details>
<Time><![CDATA[15-08-2019 - 01:20:31]]></Time>
<TimeTick>1565812231</TimeTick>
<NodeArgs eType="General" icon="4" nRep="171" >
<Disp><![CDATA[Service: Remove/Revert Auto Header]]></Disp>
</NodeArgs>
</Step>
<Step rID="T162">
<Obj plainTxt="False" ><![CDATA[Custom Request: initializationService_5]]></Obj>
<Details plainTxt="False" ><![CDATA[<CENTER><STRONG><FONT COLOR=#009A63>Step completed successfully</FONT></STRONG></CENTER>]]></Details>
<Time><![CDATA[15-08-2019 - 01:20:31]]></Time>
<TimeTick>1565812231</TimeTick>
<NodeArgs eType="General" icon="7" nRep="172" status="Passed" >
<Disp><![CDATA[Custom Request: initializationService_5]]></Disp>
<BtmPane vType="HTMLSNSH" >
<Path><![CDATA[\Iteration3\t32.inf]]></Path>
</BtmPane>
</NodeArgs>
</Step>
<Step rID="T163">
<Obj plainTxt="False" ><![CDATA[Service: Reg Find]]></Obj>
<Details plainTxt="False" ><![CDATA[<CENTER><STRONG><FONT COLOR=#00AF00>Text=Welcome to Network 01</FONT></STRONG></CENTER>]]></Details>
<Time><![CDATA[15-08-2019 - 01:20:31]]></Time>
<TimeTick>1565812231</TimeTick>
<NodeArgs eType="General" icon="8" nRep="173" >
<Disp><![CDATA[Service: Reg Find]]></Disp>
</NodeArgs>
</Step>
<Step rID="T164">
<Obj plainTxt="False" ><![CDATA[Custom Request: initializationService_6]]></Obj>
<Details plainTxt="False" ><![CDATA[<CENTER><STRONG><FONT COLOR=#009A63>Step completed successfully</FONT></STRONG></CENTER>]]></Details>
<Time><![CDATA[15-08-2019 - 01:20:31]]></Time>
<TimeTick>1565812231</TimeTick>
<NodeArgs eType="General" icon="7" nRep="174" status="Passed" >
<Disp><![CDATA[Custom Request: initializationService_6]]></Disp>
<BtmPane vType="HTMLSNSH" >
<Path><![CDATA[\Iteration3\t33.inf]]></Path>
</BtmPane>
</NodeArgs>
</Step>
<Summary sTime="15-08-2019 - 01:20:31" eTime="15-08-2019 - 01:20:31" passed="3" failed="0" warnings="0" ></Summary>
<NodeArgs eType="StartAction" icon="2" nRep="169" status="Passed" >
<Disp><![CDATA[vuser_end Summary]]></Disp>
</NodeArgs>
</Action>
<Summary sTime="15-08-2019 - 01:18:48" eTime="15-08-2019 - 01:20:31" passed="53" failed="0" warnings="0" ></Summary>
<NodeArgs eType="StartTest" icon="1" nRep="4" status="Passed" >
<Disp><![CDATA[Test BP02_Create_Ad Summary]]></Disp>
</NodeArgs>
</Doc>
</Report>