<?xml version="1.0" encoding="utf-8"?>
<VugenScriptMetadata>
  <ScriptName>BP02_Create_Ad</ScriptName>
  <Protocol>Web - HTTP/HTML</Protocol>
  <ActionFiles>
    <FileEntry Name="vuser_init.c" Filter="2" />
    <FileEntry Name="Action.c" Filter="2" />
    <FileEntry Name="vuser_end.c" Filter="2" />
  </ActionFiles>
  <GeneralFiles>
    <FileEntry Name="BP02_Create_Ad.usr" Filter="4" />
    <FileEntry Name="default.cfg" Filter="4" />
    <FileEntry Name="default.usp" Filter="4" />
    <FileEntry Name="BP02_Create_Ad.prm" Filter="2" />
    <FileEntry Name="globals.h" Filter="2" />
    <FileEntry Name="p_category.dat" Filter="2" />
    <FileEntry Name="p_imageID.dat" Filter="2" />
    <FileEntry Name="p_ServerURL.dat" Filter="2" />
    <FileEntry Name="p_username.dat" Filter="2" />
    <FileEntry Name="combined_BP02_Create_Ad.c" Filter="2" />
    <FileEntry Name="pre_cci.c" Filter="2" />
    <FileEntry Name="103997279440.idx" Filter="1" />
    <FileEntry Name="213032497440.idx" Filter="1" />
    <FileEntry Name="42590171440.idx" Filter="1" />
    <FileEntry Name="91050068440.idx" Filter="1" />
    <FileEntry Name="Bookmarks.xml" Filter="1" />
    <FileEntry Name="BP02_Create_Ad.c.pickle" Filter="1" />
    <FileEntry Name="BP02_Create_Ad.ci" Filter="1" />
    <FileEntry Name="BP02_Create_Ad.prm.bak" Filter="1" />
    <FileEntry Name="BP02_Try3.prm.bak" Filter="1" />
    <FileEntry Name="Breakpoints.xml" Filter="1" />
    <FileEntry Name="CompilerLogMetadata.xml" Filter="1" />
    <FileEntry Name="custom_body_variables.txt" Filter="1" />
    <FileEntry Name="logfile.log" Filter="1" />
    <FileEntry Name="lrw_custom_body.h" Filter="1" />
    <FileEntry Name="mdrv.log" Filter="1" />
    <FileEntry Name="mdrv_cmd.txt" Filter="1" />
    <FileEntry Name="options.txt" Filter="1" />
    <FileEntry Name="output.bak" Filter="1" />
    <FileEntry Name="output.txt" Filter="1" />
    <FileEntry Name="OutputColoringDatabase.json" Filter="1" />
    <FileEntry Name="property1.jpg" Filter="1" />
    <FileEntry Name="ReplaySummaryReport.xml" Filter="1" />
    <FileEntry Name="ScriptUploadMetadata.xml" Filter="1" />
    <FileEntry Name="TransactionsData.db" Filter="1" />
    <FileEntry Name="UserTasks.xml" Filter="1" />
    <FileEntry Name="data\" Filter="1" />
    <FileEntry Name="Images\" Filter="1" />
    <FileEntry Name="result1\" Filter="1" />
  </GeneralFiles>
</VugenScriptMetadata>