[
    {
        "actionName": "Action",
        "steps": [
            {
                "stepId": "STEP9",
                "stepName": "Url: loadTranslations_3",
                "infFile": "t16.inf",
                "time": 1565814828449
            },
            {
                "stepId": "STEP10",
                "stepName": "Custom Request: accountService",
                "infFile": "t18.inf",
                "time": 1565814828602
            },
            {
                "stepId": "STEP11",
                "stepName": "Url: loadTranslations_4",
                "infFile": "t19.inf",
                "time": 1565814828850
            },
            {
                "stepId": "STEP12",
                "stepName": "Custom Request: accountService_2",
                "infFile": "t20.inf",
                "time": 1565814828999
            },
            {
                "stepId": "STEP13",
                "stepName": "Custom Request: accountService_3",
                "infFile": "t21.inf",
                "time": 1565814829254
            },
            {
                "stepId": "STEP14",
                "stepName": "Custom Request: accountService_4",
                "infFile": "t22.inf",
                "time": 1565814829391
            },
            {
                "stepId": "STEP15",
                "stepName": "Url: loadTranslations_5",
                "infFile": "t23.inf",
                "time": 1565814834676
            },
            {
                "stepId": "STEP16",
                "stepName": "Custom Request: transactionService",
                "infFile": "t24.inf",
                "time": 1565814834907
            },
            {
                "stepId": "STEP17",
                "stepName": "Custom Request: transactionService_2",
                "infFile": "t25.inf",
                "time": 1565814835083
            },
            {
                "stepId": "STEP18",
                "stepName": "Custom Request: paymentService",
                "infFile": "t26.inf",
                "time": 1565814840220
            },
            {
                "stepId": "STEP19",
                "stepName": "Url: loadTranslations_6",
                "infFile": "t27.inf",
                "time": 1565814840408
            },
            {
                "stepId": "STEP20",
                "stepName": "Custom Request: paymentService_2",
                "infFile": "t29.inf",
                "time": 1565814845725
            },
            {
                "stepId": "STEP21",
                "stepName": "Url: loadTranslations_7",
                "infFile": "t30.inf",
                "time": 1565814845875
            },
            {
                "stepId": "STEP22",
                "stepName": "Custom Request: paymentService_3",
                "infFile": "t31.inf",
                "time": 1565814846028
            },
            {
                "stepId": "STEP23",
                "stepName": "Custom Request: initializationService_5",
                "infFile": "t32.inf",
                "time": 1565814851202
            },
            {
                "stepId": "STEP24",
                "stepName": "Custom Request: accountService_5",
                "infFile": "t33.inf",
                "time": 1565814856401
            },
            {
                "stepId": "STEP25",
                "stepName": "Custom Request: accountService_6",
                "infFile": "t34.inf",
                "time": 1565814856519
            },
            {
                "stepId": "STEP26",
                "stepName": "Custom Request: accountService_7",
                "infFile": "t36.inf",
                "time": 1565814856680
            },
            {
                "stepId": "STEP27",
                "stepName": "Custom Request: accountService_8",
                "infFile": "t37.inf",
                "time": 1565814856920
            }
        ],
        "transactions": [
            {
                "transactionName": "BP01_04_AccountInfo",
                "rawStartTime": 1565814828307,
                "rawEndTime": 1565814829424,
                "thinkTime": 0.0,
                "wastedTime": 0.24686408042907716
            },
            {
                "transactionName": "BP01_05_PaymentToSystem",
                "rawStartTime": 1565814834498,
                "rawEndTime": 1565814835087,
                "thinkTime": 0.0,
                "wastedTime": 0.1694793701171875
            },
            {
                "transactionName": "BP01_06_Submitpayment",
                "rawStartTime": 1565814840097,
                "rawEndTime": 1565814840429,
                "thinkTime": 0.0,
                "wastedTime": 0.052930593490600589
            },
            {
                "transactionName": "BP01_07_ConfirmPayment",
                "rawStartTime": 1565814845535,
                "rawEndTime": 1565814846032,
                "thinkTime": 0.0,
                "wastedTime": 0.09541893005371094
            },
            {
                "transactionName": "BP01_08_Home",
                "rawStartTime": 1565814851055,
                "rawEndTime": 1565814851231,
                "thinkTime": 0.0,
                "wastedTime": 0.05014181137084961
            },
            {
                "transactionName": "BP01_09_AccountInfo2",
                "rawStartTime": 1565814856273,
                "rawEndTime": 1565814856999,
                "thinkTime": 0.0,
                "wastedTime": 0.16498470306396485
            }
        ]
    }
]