[
    {
        "actionName": "vuser_end",
        "steps": [
            {
                "stepId": "STEP28",
                "stepName": "Custom Request: loginService",
                "infFile": "t38.inf",
                "time": 1565814862184
            },
            {
                "stepId": "STEP29",
                "stepName": "Custom Request: initializationService_6",
                "infFile": "t39.inf",
                "time": 1565814862293
            },
            {
                "stepId": "STEP30",
                "stepName": "Custom Request: initializationService_7",
                "infFile": "t40.inf",
                "time": 1565814862394
            }
        ],
        "transactions": [
            {
                "transactionName": "BP01_10_LogOut",
                "rawStartTime": 1565814862041,
                "rawEndTime": 1565814862395,
                "thinkTime": 0.0,
                "wastedTime": 0.11664128303527832
            }
        ]
    }
]