[
    {
        "actionName": "vuser_init",
        "steps": [
            {
                "stepId": "STEP1",
                "stepName": "Url: Network01",
                "infFile": "t4.inf",
                "time": 1565814812008
            },
            {
                "stepId": "STEP2",
                "stepName": "Custom Request: initializationService",
                "infFile": "t6.inf",
                "time": 1565814812239
            },
            {
                "stepId": "STEP3",
                "stepName": "Url: loadTranslations",
                "infFile": "t7.inf",
                "time": 1565814812359
            },
            {
                "stepId": "STEP4",
                "stepName": "Custom Request: initializationService_2",
                "infFile": "t8.inf",
                "time": 1565814812595
            },
            {
                "stepId": "STEP5",
                "stepName": "Url: loadTranslations_2",
                "infFile": "t9.inf",
                "time": 1565814817728
            },
            {
                "stepId": "STEP6",
                "stepName": "Submit Data: login",
                "infFile": "t10.inf",
                "time": 1565814823004
            },
            {
                "stepId": "STEP7",
                "stepName": "Custom Request: initializationService_3",
                "infFile": "t14.inf",
                "time": 1565814823134
            },
            {
                "stepId": "STEP8",
                "stepName": "Custom Request: initializationService_4",
                "infFile": "t15.inf",
                "time": 1565814823262
            }
        ],
        "transactions": [
            {
                "transactionName": "BP01_01_OpenApplication",
                "rawStartTime": 1565814811379,
                "rawEndTime": 1565814812597,
                "thinkTime": 0.0,
                "wastedTime": 0.3555276393890381
            },
            {
                "transactionName": "BP01_02_SignInPage",
                "rawStartTime": 1565814817605,
                "rawEndTime": 1565814817729,
                "thinkTime": 0.0,
                "wastedTime": 0.03512215614318848
            },
            {
                "transactionName": "BP01_03_Login",
                "rawStartTime": 1565814822746,
                "rawEndTime": 1565814823263,
                "thinkTime": 0.0,
                "wastedTime": 0.1171715259552002
            }
        ]
    }
]