{"result":{"class":"org.cyclos.model.users.users.HomeData","pendingSecurityQuestion":false,"lastLogin":"2019-08-14T21:33:44.377+01:00","dashboardActions":["ACCOUNT_INFO","PAYMENT_USER_TO_USER","PAYMENT_USER_TO_SYSTEM","SEARCH_USERS","CONTACTS","UPDATE_PROFILE","SEND_MESSAGE","VIEW_MESSAGES","SEARCH_ADS","PLACE_AD","VIEW_NOTIFICATIONS","DOCUMENTATION"],"dashboardStatusCounters":{"UNREAD_MESSAGES":0,"MY_ADS":0,"PAYMENTS_TO_QUALIFY":0},"visibleAccounts":[{"class":"org.cyclos.model.banking.accounts.AccountWithStatusVO","status":{"class":"org.cyclos.model.banking.accounts.AccountStatusVO","creditLimit":"0.00","balance":"50966.00","availableBalance":"50966.00","reservedAmount":"0.00","accountId":"-2764790703512601898"},"unlimited":false,"received":"0","currency":{"class":"org.cyclos.model.banking.currencies.CurrencyVO","symbol":"U","precision":2,"global":false,"prefix":"U ","internalName":"unit","id":"-2764790703747482922","name":"Units"},"owner":{"class":"org.cyclos.model.users.users.UserVO","display":"PerfTestUser3","shortDisplay":"PerfTestUser3","id":"-2764790703445493034"},"type":{"class":"org.cyclos.model.banking.accounttypes.AccountTypeVO","global":false,"nature":"USER","internalName":"user","id":"-2764790703680374058","name":"Member account"},"active":true,"id":"-2764790703512601898"}],"pendingPasswords":[],"expiredPasswords":[],"resetPasswords":[],"homeContent":{"class":"org.cyclos.model.contentmanagement.staticcontents.HomeContentVO","title":"Home","content":"<b>Network home page</b><br><br>You can change the content of this page logging in as network admin and going to: <br><i>\"Content - Content management - Static content - Logged users home\"</i><br>At the same location (in Static content) you can change the header and footer.<br>The logo can be changed in the tab ‘Logos’. <br><br>This content page is the home page for users, brokers and admins. If you want different content pages and settings for different groups you will have to create new configurations and bound them to groups. Make sure you define the configuration structure well. For more information please view the ‘Configurations’ section of the administration manual.<br>","id":"-2764790703244166442"}}}