{"result":[{"class":"org.cyclos.model.banking.accounts.AccountWithStatusVO","status":{"class":"org.cyclos.model.banking.accounts.AccountStatusVO","creditLimit":"0.00","balance":"50966.00","availableBalance":"50966.00","reservedAmount":"0.00","accountId":"-2764790703512601898"},"unlimited":false,"currency":{"class":"org.cyclos.model.banking.currencies.CurrencyVO","symbol":"U","precision":2,"global":false,"prefix":"U ","internalName":"unit","id":"-2764790703747482922","name":"Units"},"owner":{"class":"org.cyclos.model.users.users.UserVO","display":"PerfTestUser3","shortDisplay":"PerfTestUser3","id":"-2764790703445493034"},"type":{"class":"org.cyclos.model.banking.accounttypes.AccountTypeVO","global":false,"nature":"USER","internalName":"user","id":"-2764790703680374058","name":"Member account"},"active":true,"id":"-2764790703512601898"}]}