{"result":{"class":"org.cyclos.model.banking.accounts.AccountHistoryData","currency":{"class":"org.cyclos.model.banking.currencies.CurrencyVO","symbol":"U","precision":2,"global":false,"prefix":"U ","internalName":"unit","id":"-2764790703747482922","name":"Units"},"account":{"class":"org.cyclos.model.banking.accounts.AccountVO","owner":{"class":"org.cyclos.model.users.users.UserVO","display":"PerfTestUser3","shortDisplay":"PerfTestUser3","id":"-2764790703445493034"},"type":{"class":"org.cyclos.model.banking.accounttypes.AccountTypeVO","global":false,"nature":"USER","internalName":"user","id":"-2764790703680374058","name":"Member account"},"active":true,"id":"-2764790703512601898"},"showDescriptionInFilters":false,"showDescriptionInList":false,"canFilterByDirection":true,"accessClients":[],"transferStatusFlows":[],"transferFilters":[{"class":"org.cyclos.model.banking.transferfilters.TransferFilterVO","internalName":"user.system","id":"-2764790703512601898","name":"System payments"},{"class":"org.cyclos.model.banking.transferfilters.TransferFilterVO","internalName":"user.user","id":"-2764790703613265194","name":"User payments"}],"preselectedPeriods":[{"class":"org.cyclos.model.utils.PeriodPreselectorOptionData","name":"Today","type":"PRESELECTED","period":{"class":"org.cyclos.model.utils.DatePeriodDTO","end":"2019-08-14T23:59:59.999+01:00","begin":"2019-08-14T00:00:00.000+01:00"},"defaultOption":false},{"class":"org.cyclos.model.utils.PeriodPreselectorOptionData","name":"This week","type":"PRESELECTED","period":{"class":"org.cyclos.model.utils.DatePeriodDTO","end":"2019-08-14T23:59:59.999+01:00","begin":"2019-08-12T00:00:00.000+01:00"},"defaultOption":false},{"class":"org.cyclos.model.utils.PeriodPreselectorOptionData","name":"Last month","type":"PRESELECTED","period":{"class":"org.cyclos.model.utils.DatePeriodDTO","end":"2019-08-14T23:59:59.999+01:00","begin":"2019-07-14T00:00:00.000+01:00"},"defaultOption":false},{"class":"org.cyclos.model.utils.PeriodPreselectorOptionData","name":"Last 3 months","type":"PRESELECTED","period":{"class":"org.cyclos.model.utils.DatePeriodDTO","end":"2019-08-14T23:59:59.999+01:00","begin":"2019-05-14T00:00:00.000+01:00"},"defaultOption":false},{"class":"org.cyclos.model.utils.PeriodPreselectorOptionData","name":"Last 12 months","type":"PRESELECTED","period":{"class":"org.cyclos.model.utils.DatePeriodDTO","end":"2019-08-14T23:59:59.999+01:00","begin":"2018-08-14T00:00:00.000+01:00"},"defaultOption":true},{"class":"org.cyclos.model.utils.PeriodPreselectorOptionData","name":"August, 2019","type":"PRESELECTED","period":{"class":"org.cyclos.model.utils.DatePeriodDTO","end":"2019-08-31T23:59:59.999+01:00","begin":"2019-08-01T00:00:00.000+01:00"},"defaultOption":false},{"class":"org.cyclos.model.utils.PeriodPreselectorOptionData","name":"July, 2019","type":"PRESELECTED","period":{"class":"org.cyclos.model.utils.DatePeriodDTO","end":"2019-07-31T23:59:59.999+01:00","begin":"2019-07-01T00:00:00.000+01:00"},"defaultOption":false},{"class":"org.cyclos.model.utils.PeriodPreselectorOptionData","name":"June, 2019","type":"PRESELECTED","period":{"class":"org.cyclos.model.utils.DatePeriodDTO","end":"2019-06-30T23:59:59.999+01:00","begin":"2019-06-01T00:00:00.000+01:00"},"defaultOption":false},{"class":"org.cyclos.model.utils.PeriodPreselectorOptionData","name":"2019","type":"PRESELECTED","period":{"class":"org.cyclos.model.utils.DatePeriodDTO","end":"2019-12-31T23:59:59.999Z","begin":"2019-01-01T00:00:00.000Z"},"defaultOption":false},{"class":"org.cyclos.model.utils.PeriodPreselectorOptionData","name":"2018","type":"PRESELECTED","period":{"class":"org.cyclos.model.utils.DatePeriodDTO","end":"2018-12-31T23:59:59.999Z","begin":"2018-01-01T00:00:00.000Z"},"defaultOption":false},{"class":"org.cyclos.model.utils.PeriodPreselectorOptionData","name":"2017","type":"PRESELECTED","period":{"class":"org.cyclos.model.utils.DatePeriodDTO","end":"2017-12-31T23:59:59.999Z","begin":"2017-01-01T00:00:00.000Z"},"defaultOption":false},{"class":"org.cyclos.model.utils.PeriodPreselectorOptionData","name":"Other","type":"CUSTOM","period":{"class":"org.cyclos.model.utils.DatePeriodDTO"},"defaultOption":false}],"query":{"class":"org.cyclos.model.banking.accounts.AccountHistoryQuery","account":{"class":"org.cyclos.model.banking.accounts.AccountVO","owner":{"class":"org.cyclos.model.users.users.UserVO","display":"PerfTestUser3","shortDisplay":"PerfTestUser3","id":"-2764790703445493034"},"type":{"class":"org.cyclos.model.banking.accounttypes.AccountTypeVO","global":false,"nature":"USER","internalName":"user","id":"-2764790703680374058","name":"Member account"},"active":true,"id":"-2764790703512601898"},"usersWithImage":false,"orderBy":"DATE_DESC","preselectedPeriod":{"class":"org.cyclos.model.utils.PeriodPreselectorOptionData","name":"Last 12 months","type":"PRESELECTED","period":{"class":"org.cyclos.model.utils.DatePeriodDTO","end":"2019-08-14T23:59:59.999+01:00","begin":"2018-08-14T00:00:00.000+01:00"},"defaultOption":true},"fromCurrentAccessClient":false,"includeGeneratedByAccessClient":false,"currentPage":0,"pageSize":40}}}