{"result":{"pageItems":[{"class":"org.cyclos.model.banking.accounts.AccountHistoryEntryVO","date":"2019-08-14T19:20:02.244+01:00","type":{"class":"org.cyclos.model.banking.transfertypes.TransferTypeVO","enabled":true,"from":{"class":"org.cyclos.model.banking.accounttypes.AccountTypeVO","global":false,"nature":"USER","internalName":"user","id":"-2764790703680374058","name":"Member account"},"to":{"class":"org.cyclos.model.banking.accounttypes.SystemAccountTypeVO","limitType":"UNLIMITED","global":false,"nature":"SYSTEM","internalName":"debit","id":"-2764790703747482922","name":"Debit account"},"nature":"PAYMENT","requiresAuthorization":false,"ignoreAccountLimits":false,"allowFromCustomName":false,"allowToCustomName":false,"internalName":"user.toDebit","id":"-2764790703579710762","name":"Payment to Debit account"},"description":"THIS IS TEXT DESCRIPTION","amount":"-5.00","customValues":[],"statuses":[],"relatedAccount":{"class":"org.cyclos.model.banking.accounts.AccountVO","owner":"SYSTEM","type":{"class":"org.cyclos.model.banking.accounttypes.SystemAccountTypeVO","limitType":"UNLIMITED","global":false,"nature":"SYSTEM","internalName":"debit","id":"-2764790703747482922","name":"Debit account"},"active":false,"id":"-2764790703747482922"},"transactionId":"-2764790704485680426","transactionNature":"PAYMENT","id":"-2764790705257432362"},{"class":"org.cyclos.model.banking.accounts.AccountHistoryEntryVO","date":"2019-08-14T19:19:28.471+01:00","type":{"class":"org.cyclos.model.banking.transfertypes.TransferTypeVO","enabled":true,"from":{"class":"org.cyclos.model.banking.accounttypes.AccountTypeVO","global":false,"nature":"USER","internalName":"user","id":"-2764790703680374058","name":"Member account"},"to":{"class":"org.cyclos.model.banking.accounttypes.SystemAccountTypeVO","limitType":"UNLIMITED","global":false,"nature":"SYSTEM","internalName":"debit","id":"-2764790703747482922","name":"Debit account"},"nature":"PAYMENT","requiresAuthorization":false,"ignoreAccountLimits":false,"allowFromCustomName":false,"allowToCustomName":false,"internalName":"user.toDebit","id":"-2764790703579710762","name":"Payment to Debit account"},"description":"THIS IS TEXT DESCRIPTION","amount":"-2.00","customValues":[],"statuses":[],"relatedAccount":{"class":"org.cyclos.model.banking.accounts.AccountVO","owner":"SYSTEM","type":{"class":"org.cyclos.model.banking.accounttypes.SystemAccountTypeVO","limitType":"UNLIMITED","global":false,"nature":"SYSTEM","internalName":"debit","id":"-2764790703747482922","name":"Debit account"},"active":false,"id":"-2764790703747482922"},"transactionId":"-2764790704452125994","transactionNature":"PAYMENT","id":"-2764790705358095658"},{"class":"org.cyclos.model.banking.accounts.AccountHistoryEntryVO","date":"2019-08-14T19:18:55.259+01:00","type":{"class":"org.cyclos.model.banking.transfertypes.TransferTypeVO","enabled":true,"from":{"class":"org.cyclos.model.banking.accounttypes.AccountTypeVO","global":false,"nature":"USER","internalName":"user","id":"-2764790703680374058","name":"Member account"},"to":{"class":"org.cyclos.model.banking.accounttypes.SystemAccountTypeVO","limitType":"UNLIMITED","global":false,"nature":"SYSTEM","internalName":"debit","id":"-2764790703747482922","name":"Debit account"},"nature":"PAYMENT","requiresAuthorization":false,"ignoreAccountLimits":false,"allowFromCustomName":false,"allowToCustomName":false,"internalName":"user.toDebit","id":"-2764790703579710762","name":"Payment to Debit account"},"description":"THIS IS TEXT DESCRIPTION","amount":"-1.00","customValues":[],"statuses":[],"relatedAccount":{"class":"org.cyclos.model.banking.accounts.AccountVO","owner":"SYSTEM","type":{"class":"org.cyclos.model.banking.accounttypes.SystemAccountTypeVO","limitType":"UNLIMITED","global":false,"nature":"SYSTEM","internalName":"debit","id":"-2764790703747482922","name":"Debit account"},"active":false,"id":"-2764790703747482922"},"transactionId":"-2764790704552789290","transactionNature":"PAYMENT","id":"-2764790705324541226"},{"class":"org.cyclos.model.banking.accounts.AccountHistoryEntryVO","date":"2019-08-12T22:51:03.882+01:00","type":{"class":"org.cyclos.model.banking.transfertypes.TransferTypeVO","enabled":true,"from":{"class":"org.cyclos.model.banking.accounttypes.AccountTypeVO","global":false,"nature":"USER","internalName":"user","id":"-2764790703680374058","name":"Member account"},"to":{"class":"org.cyclos.model.banking.accounttypes.SystemAccountTypeVO","limitType":"UNLIMITED","global":false,"nature":"SYSTEM","internalName":"debit","id":"-2764790703747482922","name":"Debit account"},"nature":"PAYMENT","requiresAuthorization":false,"ignoreAccountLimits":false,"allowFromCustomName":false,"allowToCustomName":false,"internalName":"user.toDebit","id":"-2764790703579710762","name":"Payment to Debit account"},"description":"THIS IS TEXT DESCRIPTION","amount":"-4.00","customValues":[],"statuses":[],"relatedAccount":{"class":"org.cyclos.model.banking.accounts.AccountVO","owner":"SYSTEM","type":{"class":"org.cyclos.model.banking.accounttypes.SystemAccountTypeVO","limitType":"UNLIMITED","global":false,"nature":"SYSTEM","internalName":"debit","id":"-2764790703747482922","name":"Debit account"},"active":false,"id":"-2764790703747482922"},"transactionId":"-2764790704619898154","transactionNature":"PAYMENT","id":"-2764790704317908266"},{"class":"org.cyclos.model.banking.accounts.AccountHistoryEntryVO","date":"2019-08-12T22:48:12.593+01:00","type":{"class":"org.cyclos.model.banking.transfertypes.TransferTypeVO","enabled":true,"from":{"class":"org.cyclos.model.banking.accounttypes.AccountTypeVO","global":false,"nature":"USER","internalName":"user","id":"-2764790703680374058","name":"Member account"},"to":{"class":"org.cyclos.model.banking.accounttypes.SystemAccountTypeVO","limitType":"UNLIMITED","global":false,"nature":"SYSTEM","internalName":"debit","id":"-2764790703747482922","name":"Debit account"},"nature":"PAYMENT","requiresAuthorization":false,"ignoreAccountLimits":false,"allowFromCustomName":false,"allowToCustomName":false,"internalName":"user.toDebit","id":"-2764790703579710762","name":"Payment to Debit account"},"description":"test description","amount":"-4.00","customValues":[],"statuses":[],"relatedAccount":{"class":"org.cyclos.model.banking.accounts.AccountVO","owner":"SYSTEM","type":{"class":"org.cyclos.model.banking.accounttypes.SystemAccountTypeVO","limitType":"UNLIMITED","global":false,"nature":"SYSTEM","internalName":"debit","id":"-2764790703747482922","name":"Debit account"},"active":false,"id":"-2764790703747482922"},"transactionId":"-2764790704586343722","transactionNature":"PAYMENT","id":"-2764790704418571562"},{"class":"org.cyclos.model.banking.accounts.AccountHistoryEntryVO","date":"2019-08-12T22:43:22.231+01:00","type":{"class":"org.cyclos.model.banking.transfertypes.TransferTypeVO","enabled":true,"from":{"class":"org.cyclos.model.banking.accounttypes.AccountTypeVO","global":false,"nature":"USER","internalName":"user","id":"-2764790703680374058","name":"Member account"},"to":{"class":"org.cyclos.model.banking.accounttypes.SystemAccountTypeVO","limitType":"UNLIMITED","global":false,"nature":"SYSTEM","internalName":"debit","id":"-2764790703747482922","name":"Debit account"},"nature":"PAYMENT","requiresAuthorization":false,"ignoreAccountLimits":false,"allowFromCustomName":false,"allowToCustomName":false,"internalName":"user.toDebit","id":"-2764790703579710762","name":"Payment to Debit account"},"description":"THIS IS TEXT DESCRIPTION","amount":"-1.00","customValues":[],"statuses":[],"relatedAccount":{"class":"org.cyclos.model.banking.accounts.AccountVO","owner":"SYSTEM","type":{"class":"org.cyclos.model.banking.accounttypes.SystemAccountTypeVO","limitType":"UNLIMITED","global":false,"nature":"SYSTEM","internalName":"debit","id":"-2764790703747482922","name":"Debit account"},"active":false,"id":"-2764790703747482922"},"transactionId":"-2764790704687007018","transactionNature":"PAYMENT","id":"-2764790704385017130"},{"class":"org.cyclos.model.banking.accounts.AccountHistoryEntryVO","date":"2019-08-12T22:30:45.967+01:00","type":{"class":"org.cyclos.model.banking.transfertypes.TransferTypeVO","enabled":true,"from":{"class":"org.cyclos.model.banking.accounttypes.AccountTypeVO","global":false,"nature":"USER","internalName":"user","id":"-2764790703680374058","name":"Member account"},"to":{"class":"org.cyclos.model.banking.accounttypes.SystemAccountTypeVO","limitType":"UNLIMITED","global":false,"nature":"SYSTEM","internalName":"debit","id":"-2764790703747482922","name":"Debit account"},"nature":"PAYMENT","requiresAuthorization":false,"ignoreAccountLimits":false,"allowFromCustomName":false,"allowToCustomName":false,"internalName":"user.toDebit","id":"-2764790703579710762","name":"Payment to Debit account"},"description":"THIS IS TEXT DESCRIPTION","amount":"-1.00","customValues":[],"statuses":[],"relatedAccount":{"class":"org.cyclos.model.banking.accounts.AccountVO","owner":"SYSTEM","type":{"class":"org.cyclos.model.banking.accounttypes.SystemAccountTypeVO","limitType":"UNLIMITED","global":false,"nature":"SYSTEM","internalName":"debit","id":"-2764790703747482922","name":"Debit account"},"active":false,"id":"-2764790703747482922"},"transactionId":"-2764790704653452586","transactionNature":"PAYMENT","id":"-2764790704485680426"},{"class":"org.cyclos.model.banking.accounts.AccountHistoryEntryVO","date":"2019-08-12T22:28:33.799+01:00","type":{"class":"org.cyclos.model.banking.transfertypes.TransferTypeVO","enabled":true,"from":{"class":"org.cyclos.model.banking.accounttypes.AccountTypeVO","global":false,"nature":"USER","internalName":"user","id":"-2764790703680374058","name":"Member account"},"to":{"class":"org.cyclos.model.banking.accounttypes.SystemAccountTypeVO","limitType":"UNLIMITED","global":false,"nature":"SYSTEM","internalName":"debit","id":"-2764790703747482922","name":"Debit account"},"nature":"PAYMENT","requiresAuthorization":false,"ignoreAccountLimits":false,"allowFromCustomName":false,"allowToCustomName":false,"internalName":"user.toDebit","id":"-2764790703579710762","name":"Payment to Debit account"},"description":"THIS IS TEXT DESCRIPTION","amount":"-1.00","customValues":[],"statuses":[],"relatedAccount":{"class":"org.cyclos.model.banking.accounts.AccountVO","owner":"SYSTEM","type":{"class":"org.cyclos.model.banking.accounttypes.SystemAccountTypeVO","limitType":"UNLIMITED","global":false,"nature":"SYSTEM","internalName":"debit","id":"-2764790703747482922","name":"Debit account"},"active":false,"id":"-2764790703747482922"},"transactionId":"-2764790704754115882","transactionNature":"PAYMENT","id":"-2764790704452125994"},{"class":"org.cyclos.model.banking.accounts.AccountHistoryEntryVO","date":"2019-08-12T22:17:29.827+01:00","type":{"class":"org.cyclos.model.banking.transfertypes.TransferTypeVO","enabled":true,"from":{"class":"org.cyclos.model.banking.accounttypes.AccountTypeVO","global":false,"nature":"USER","internalName":"user","id":"-2764790703680374058","name":"Member account"},"to":{"class":"org.cyclos.model.banking.accounttypes.SystemAccountTypeVO","limitType":"UNLIMITED","global":false,"nature":"SYSTEM","internalName":"debit","id":"-2764790703747482922","name":"Debit account"},"nature":"PAYMENT","requiresAuthorization":false,"ignoreAccountLimits":false,"allowFromCustomName":false,"allowToCustomName":false,"internalName":"user.toDebit","id":"-2764790703579710762","name":"Payment to Debit account"},"description":"THIS IS TEXT DESCRIPTION","amount":"-1.00","customValues":[],"statuses":[],"relatedAccount":{"class":"org.cyclos.model.banking.accounts.AccountVO","owner":"SYSTEM","type":{"class":"org.cyclos.model.banking.accounttypes.SystemAccountTypeVO","limitType":"UNLIMITED","global":false,"nature":"SYSTEM","internalName":"debit","id":"-2764790703747482922","name":"Debit account"},"active":false,"id":"-2764790703747482922"},"transactionId":"-2764790704720561450","transactionNature":"PAYMENT","id":"-2764790704552789290"},{"class":"org.cyclos.model.banking.accounts.AccountHistoryEntryVO","date":"2019-08-12T22:10:35.001+01:00","type":{"class":"org.cyclos.model.banking.transfertypes.TransferTypeVO","enabled":true,"from":{"class":"org.cyclos.model.banking.accounttypes.AccountTypeVO","global":false,"nature":"USER","internalName":"user","id":"-2764790703680374058","name":"Member account"},"to":{"class":"org.cyclos.model.banking.accounttypes.SystemAccountTypeVO","limitType":"UNLIMITED","global":false,"nature":"SYSTEM","internalName":"debit","id":"-2764790703747482922","name":"Debit account"},"nature":"PAYMENT","requiresAuthorization":false,"ignoreAccountLimits":false,"allowFromCustomName":false,"allowToCustomName":false,"internalName":"user.toDebit","id":"-2764790703579710762","name":"Payment to Debit account"},"description":"THIS IS TEXT DESCRIPTION","amount":"-1.00","customValues":[],"statuses":[],"relatedAccount":{"class":"org.cyclos.model.banking.accounts.AccountVO","owner":"SYSTEM","type":{"class":"org.cyclos.model.banking.accounttypes.SystemAccountTypeVO","limitType":"UNLIMITED","global":false,"nature":"SYSTEM","internalName":"debit","id":"-2764790703747482922","name":"Debit account"},"active":false,"id":"-2764790703747482922"},"transactionId":"-2764790704821224746","transactionNature":"PAYMENT","id":"-2764790704519234858"},{"class":"org.cyclos.model.banking.accounts.AccountHistoryEntryVO","date":"2019-08-12T22:06:56.977+01:00","type":{"class":"org.cyclos.model.banking.transfertypes.TransferTypeVO","enabled":true,"from":{"class":"org.cyclos.model.banking.accounttypes.AccountTypeVO","global":false,"nature":"USER","internalName":"user","id":"-2764790703680374058","name":"Member account"},"to":{"class":"org.cyclos.model.banking.accounttypes.SystemAccountTypeVO","limitType":"UNLIMITED","global":false,"nature":"SYSTEM","internalName":"debit","id":"-2764790703747482922","name":"Debit account"},"nature":"PAYMENT","requiresAuthorization":false,"ignoreAccountLimits":false,"allowFromCustomName":false,"allowToCustomName":false,"internalName":"user.toDebit","id":"-2764790703579710762","name":"Payment to Debit account"},"description":"THIS IS TEXT DESCRIPTION","amount":"-1.00","customValues":[],"statuses":[],"relatedAccount":{"class":"org.cyclos.model.banking.accounts.AccountVO","owner":"SYSTEM","type":{"class":"org.cyclos.model.banking.accounttypes.SystemAccountTypeVO","limitType":"UNLIMITED","global":false,"nature":"SYSTEM","internalName":"debit","id":"-2764790703747482922","name":"Debit account"},"active":false,"id":"-2764790703747482922"},"transactionId":"-2764790704787670314","transactionNature":"PAYMENT","id":"-2764790704619898154"},{"class":"org.cyclos.model.banking.accounts.AccountHistoryEntryVO","date":"2019-08-12T21:12:38.744+01:00","type":{"class":"org.cyclos.model.banking.transfertypes.TransferTypeVO","enabled":true,"from":{"class":"org.cyclos.model.banking.accounttypes.AccountTypeVO","global":false,"nature":"USER","internalName":"user","id":"-2764790703680374058","name":"Member account"},"to":{"class":"org.cyclos.model.banking.accounttypes.SystemAccountTypeVO","limitType":"UNLIMITED","global":false,"nature":"SYSTEM","internalName":"debit","id":"-2764790703747482922","name":"Debit account"},"nature":"PAYMENT","requiresAuthorization":false,"ignoreAccountLimits":false,"allowFromCustomName":false,"allowToCustomName":false,"internalName":"user.toDebit","id":"-2764790703579710762","name":"Payment to Debit account"},"description":"THIS IS TEXT DESCRIPTION","amount":"-1.00","customValues":[],"statuses":[],"relatedAccount":{"class":"org.cyclos.model.banking.accounts.AccountVO","owner":"SYSTEM","type":{"class":"org.cyclos.model.banking.accounttypes.SystemAccountTypeVO","limitType":"UNLIMITED","global":false,"nature":"SYSTEM","internalName":"debit","id":"-2764790703747482922","name":"Debit account"},"active":false,"id":"-2764790703747482922"},"transactionId":"-2764790703814591786","transactionNature":"PAYMENT","id":"-2764790704586343722"},{"class":"org.cyclos.model.banking.accounts.AccountHistoryEntryVO","date":"2019-08-11T23:05:54.849+01:00","type":{"class":"org.cyclos.model.banking.transfertypes.TransferTypeVO","enabled":true,"from":{"class":"org.cyclos.model.banking.accounttypes.AccountTypeVO","global":false,"nature":"USER","internalName":"user","id":"-2764790703680374058","name":"Member account"},"to":{"class":"org.cyclos.model.banking.accounttypes.SystemAccountTypeVO","limitType":"UNLIMITED","global":false,"nature":"SYSTEM","internalName":"debit","id":"-2764790703747482922","name":"Debit account"},"nature":"PAYMENT","requiresAuthorization":false,"ignoreAccountLimits":false,"allowFromCustomName":false,"allowToCustomName":false,"internalName":"user.toDebit","id":"-2764790703579710762","name":"Payment to Debit account"},"description":"THIS IS TEXT DESCRIPTION","amount":"-1.00","customValues":[],"statuses":[],"relatedAccount":{"class":"org.cyclos.model.banking.accounts.AccountVO","owner":"SYSTEM","type":{"class":"org.cyclos.model.banking.accounttypes.SystemAccountTypeVO","limitType":"UNLIMITED","global":false,"nature":"SYSTEM","internalName":"debit","id":"-2764790703747482922","name":"Debit account"},"active":false,"id":"-2764790703747482922"},"transactionId":"-2764790703881700650","transactionNature":"PAYMENT","id":"-2764790704653452586"},{"class":"org.cyclos.model.banking.accounts.AccountHistoryEntryVO","date":"2019-08-11T22:24:29.486+01:00","type":{"class":"org.cyclos.model.banking.transfertypes.TransferTypeVO","enabled":true,"from":{"class":"org.cyclos.model.banking.accounttypes.AccountTypeVO","global":false,"nature":"USER","internalName":"user","id":"-2764790703680374058","name":"Member account"},"to":{"class":"org.cyclos.model.banking.accounttypes.SystemAccountTypeVO","limitType":"UNLIMITED","global":false,"nature":"SYSTEM","internalName":"debit","id":"-2764790703747482922","name":"Debit account"},"nature":"PAYMENT","requiresAuthorization":false,"ignoreAccountLimits":false,"allowFromCustomName":false,"allowToCustomName":false,"internalName":"user.toDebit","id":"-2764790703579710762","name":"Payment to Debit account"},"description":"THIS IS TEXT DESCRIPTION","amount":"-1.00","customValues":[],"statuses":[],"relatedAccount":{"class":"org.cyclos.model.banking.accounts.AccountVO","owner":"SYSTEM","type":{"class":"org.cyclos.model.banking.accounttypes.SystemAccountTypeVO","limitType":"UNLIMITED","global":false,"nature":"SYSTEM","internalName":"debit","id":"-2764790703747482922","name":"Debit account"},"active":false,"id":"-2764790703747482922"},"transactionId":"-2764790703848146218","transactionNature":"PAYMENT","id":"-2764790704754115882"},{"class":"org.cyclos.model.banking.accounts.AccountHistoryEntryVO","date":"2019-08-11T22:17:05.451+01:00","type":{"class":"org.cyclos.model.banking.transfertypes.TransferTypeVO","enabled":true,"from":{"class":"org.cyclos.model.banking.accounttypes.AccountTypeVO","global":false,"nature":"USER","internalName":"user","id":"-2764790703680374058","name":"Member account"},"to":{"class":"org.cyclos.model.banking.accounttypes.SystemAccountTypeVO","limitType":"UNLIMITED","global":false,"nature":"SYSTEM","internalName":"debit","id":"-2764790703747482922","name":"Debit account"},"nature":"PAYMENT","requiresAuthorization":false,"ignoreAccountLimits":false,"allowFromCustomName":false,"allowToCustomName":false,"internalName":"user.toDebit","id":"-2764790703579710762","name":"Payment to Debit account"},"description":"THIS IS TEXT DESCRIPTION","amount":"-1.00","customValues":[],"statuses":[],"relatedAccount":{"class":"org.cyclos.model.banking.accounts.AccountVO","owner":"SYSTEM","type":{"class":"org.cyclos.model.banking.accounttypes.SystemAccountTypeVO","limitType":"UNLIMITED","global":false,"nature":"SYSTEM","internalName":"debit","id":"-2764790703747482922","name":"Debit account"},"active":false,"id":"-2764790703747482922"},"transactionId":"-2764790703948809514","transactionNature":"PAYMENT","id":"-2764790704720561450"},{"class":"org.cyclos.model.banking.accounts.AccountHistoryEntryVO","date":"2019-08-11T21:57:19.856+01:00","type":{"class":"org.cyclos.model.banking.transfertypes.TransferTypeVO","enabled":true,"from":{"class":"org.cyclos.model.banking.accounttypes.AccountTypeVO","global":false,"nature":"USER","internalName":"user","id":"-2764790703680374058","name":"Member account"},"to":{"class":"org.cyclos.model.banking.accounttypes.SystemAccountTypeVO","limitType":"UNLIMITED","global":false,"nature":"SYSTEM","internalName":"debit","id":"-2764790703747482922","name":"Debit account"},"nature":"PAYMENT","requiresAuthorization":false,"ignoreAccountLimits":false,"allowFromCustomName":false,"allowToCustomName":false,"internalName":"user.toDebit","id":"-2764790703579710762","name":"Payment to Debit account"},"description":"THIS IS TEXT DESCRIPTION","amount":"-1.00","customValues":[],"statuses":[],"relatedAccount":{"class":"org.cyclos.model.banking.accounts.AccountVO","owner":"SYSTEM","type":{"class":"org.cyclos.model.banking.accounttypes.SystemAccountTypeVO","limitType":"UNLIMITED","global":false,"nature":"SYSTEM","internalName":"debit","id":"-2764790703747482922","name":"Debit account"},"active":false,"id":"-2764790703747482922"},"transactionId":"-2764790703915255082","transactionNature":"PAYMENT","id":"-2764790704821224746"},{"class":"org.cyclos.model.banking.accounts.AccountHistoryEntryVO","date":"2019-08-11T21:55:23.513+01:00","type":{"class":"org.cyclos.model.banking.transfertypes.TransferTypeVO","enabled":true,"from":{"class":"org.cyclos.model.banking.accounttypes.AccountTypeVO","global":false,"nature":"USER","internalName":"user","id":"-2764790703680374058","name":"Member account"},"to":{"class":"org.cyclos.model.banking.accounttypes.SystemAccountTypeVO","limitType":"UNLIMITED","global":false,"nature":"SYSTEM","internalName":"debit","id":"-2764790703747482922","name":"Debit account"},"nature":"PAYMENT","requiresAuthorization":false,"ignoreAccountLimits":false,"allowFromCustomName":false,"allowToCustomName":false,"internalName":"user.toDebit","id":"-2764790703579710762","name":"Payment to Debit account"},"description":"THIS IS TEXT DESCRIPTION","amount":"-1.00","customValues":[],"statuses":[],"relatedAccount":{"class":"org.cyclos.model.banking.accounts.AccountVO","owner":"SYSTEM","type":{"class":"org.cyclos.model.banking.accounttypes.SystemAccountTypeVO","limitType":"UNLIMITED","global":false,"nature":"SYSTEM","internalName":"debit","id":"-2764790703747482922","name":"Debit account"},"active":false,"id":"-2764790703747482922"},"transactionId":"-2764790704015918378","transactionNature":"PAYMENT","id":"-2764790704787670314"},{"class":"org.cyclos.model.banking.accounts.AccountHistoryEntryVO","date":"2019-08-11T21:54:35.007+01:00","type":{"class":"org.cyclos.model.banking.transfertypes.TransferTypeVO","enabled":true,"from":{"class":"org.cyclos.model.banking.accounttypes.AccountTypeVO","global":false,"nature":"USER","internalName":"user","id":"-2764790703680374058","name":"Member account"},"to":{"class":"org.cyclos.model.banking.accounttypes.SystemAccountTypeVO","limitType":"UNLIMITED","global":false,"nature":"SYSTEM","internalName":"debit","id":"-2764790703747482922","name":"Debit account"},"nature":"PAYMENT","requiresAuthorization":false,"ignoreAccountLimits":false,"allowFromCustomName":false,"allowToCustomName":false,"internalName":"user.toDebit","id":"-2764790703579710762","name":"Payment to Debit account"},"description":"THIS IS TEXT DESCRIPTION","amount":"-1.00","customValues":[],"statuses":[],"relatedAccount":{"class":"org.cyclos.model.banking.accounts.AccountVO","owner":"SYSTEM","type":{"class":"org.cyclos.model.banking.accounttypes.SystemAccountTypeVO","limitType":"UNLIMITED","global":false,"nature":"SYSTEM","internalName":"debit","id":"-2764790703747482922","name":"Debit account"},"active":false,"id":"-2764790703747482922"},"transactionId":"-2764790703982363946","transactionNature":"PAYMENT","id":"-2764790703814591786"},{"class":"org.cyclos.model.banking.accounts.AccountHistoryEntryVO","date":"2019-08-11T21:16:48.055+01:00","type":{"class":"org.cyclos.model.banking.transfertypes.TransferTypeVO","enabled":true,"from":{"class":"org.cyclos.model.banking.accounttypes.AccountTypeVO","global":false,"nature":"USER","internalName":"user","id":"-2764790703680374058","name":"Member account"},"to":{"class":"org.cyclos.model.banking.accounttypes.SystemAccountTypeVO","limitType":"UNLIMITED","global":false,"nature":"SYSTEM","internalName":"debit","id":"-2764790703747482922","name":"Debit account"},"nature":"PAYMENT","requiresAuthorization":false,"ignoreAccountLimits":false,"allowFromCustomName":false,"allowToCustomName":false,"internalName":"user.toDebit","id":"-2764790703579710762","name":"Payment to Debit account"},"description":"this is text information","amount":"-1.00","customValues":[],"statuses":[],"relatedAccount":{"class":"org.cyclos.model.banking.accounts.AccountVO","owner":"SYSTEM","type":{"class":"org.cyclos.model.banking.accounttypes.SystemAccountTypeVO","limitType":"UNLIMITED","global":false,"nature":"SYSTEM","internalName":"debit","id":"-2764790703747482922","name":"Debit account"},"active":false,"id":"-2764790703747482922"},"transactionId":"-2764790704083027242","transactionNature":"PAYMENT","id":"-2764790703781037354"},{"class":"org.cyclos.model.banking.accounts.AccountHistoryEntryVO","date":"2019-08-11T21:03:18.887+01:00","type":{"class":"org.cyclos.model.banking.transfertypes.TransferTypeVO","enabled":true,"from":{"class":"org.cyclos.model.banking.accounttypes.AccountTypeVO","global":false,"nature":"USER","internalName":"user","id":"-2764790703680374058","name":"Member account"},"to":{"class":"org.cyclos.model.banking.accounttypes.SystemAccountTypeVO","limitType":"UNLIMITED","global":false,"nature":"SYSTEM","internalName":"debit","id":"-2764790703747482922","name":"Debit account"},"nature":"PAYMENT","requiresAuthorization":false,"ignoreAccountLimits":false,"allowFromCustomName":false,"allowToCustomName":false,"internalName":"user.toDebit","id":"-2764790703579710762","name":"Payment to Debit account"},"description":"Test Description","amount":"-1.00","customValues":[],"statuses":[],"relatedAccount":{"class":"org.cyclos.model.banking.accounts.AccountVO","owner":"SYSTEM","type":{"class":"org.cyclos.model.banking.accounttypes.SystemAccountTypeVO","limitType":"UNLIMITED","global":false,"nature":"SYSTEM","internalName":"debit","id":"-2764790703747482922","name":"Debit account"},"active":false,"id":"-2764790703747482922"},"transactionId":"-2764790704049472810","transactionNature":"PAYMENT","id":"-2764790703881700650"},{"class":"org.cyclos.model.banking.accounts.AccountHistoryEntryVO","date":"2019-08-11T20:12:51.963+01:00","type":{"class":"org.cyclos.model.banking.transfertypes.TransferTypeVO","enabled":true,"from":{"class":"org.cyclos.model.banking.accounttypes.AccountTypeVO","global":false,"nature":"USER","internalName":"user","id":"-2764790703680374058","name":"Member account"},"to":{"class":"org.cyclos.model.banking.accounttypes.SystemAccountTypeVO","limitType":"UNLIMITED","global":false,"nature":"SYSTEM","internalName":"debit","id":"-2764790703747482922","name":"Debit account"},"nature":"PAYMENT","requiresAuthorization":false,"ignoreAccountLimits":false,"allowFromCustomName":false,"allowToCustomName":false,"internalName":"user.toDebit","id":"-2764790703579710762","name":"Payment to Debit account"},"description":"THIS IS TEXT DESCRIPTION","amount":"-1.00","customValues":[],"statuses":[],"relatedAccount":{"class":"org.cyclos.model.banking.accounts.AccountVO","owner":"SYSTEM","type":{"class":"org.cyclos.model.banking.accounttypes.SystemAccountTypeVO","limitType":"UNLIMITED","global":false,"nature":"SYSTEM","internalName":"debit","id":"-2764790703747482922","name":"Debit account"},"active":false,"id":"-2764790703747482922"},"transactionId":"-2764790704150136106","transactionNature":"PAYMENT","id":"-2764790703848146218"},{"class":"org.cyclos.model.banking.accounts.AccountHistoryEntryVO","date":"2019-08-11T18:26:44.066+01:00","type":{"class":"org.cyclos.model.banking.transfertypes.TransferTypeVO","enabled":true,"from":{"class":"org.cyclos.model.banking.accounttypes.AccountTypeVO","global":false,"nature":"USER","internalName":"user","id":"-2764790703680374058","name":"Member account"},"to":{"class":"org.cyclos.model.banking.accounttypes.SystemAccountTypeVO","limitType":"UNLIMITED","global":false,"nature":"SYSTEM","internalName":"debit","id":"-2764790703747482922","name":"Debit account"},"nature":"PAYMENT","requiresAuthorization":false,"ignoreAccountLimits":false,"allowFromCustomName":false,"allowToCustomName":false,"internalName":"user.toDebit","id":"-2764790703579710762","name":"Payment to Debit account"},"description":"This is text transaction","amount":"-1.00","customValues":[],"statuses":[],"relatedAccount":{"class":"org.cyclos.model.banking.accounts.AccountVO","owner":"SYSTEM","type":{"class":"org.cyclos.model.banking.accounttypes.SystemAccountTypeVO","limitType":"UNLIMITED","global":false,"nature":"SYSTEM","internalName":"debit","id":"-2764790703747482922","name":"Debit account"},"active":false,"id":"-2764790703747482922"},"transactionId":"-2764790704116581674","transactionNature":"PAYMENT","id":"-2764790703948809514"},{"class":"org.cyclos.model.banking.accounts.AccountHistoryEntryVO","date":"2019-08-11T14:19:55.069+01:00","type":{"class":"org.cyclos.model.banking.transfertypes.TransferTypeVO","enabled":true,"from":{"class":"org.cyclos.model.banking.accounttypes.AccountTypeVO","global":false,"nature":"USER","internalName":"user","id":"-2764790703680374058","name":"Member account"},"to":{"class":"org.cyclos.model.banking.accounttypes.SystemAccountTypeVO","limitType":"UNLIMITED","global":false,"nature":"SYSTEM","internalName":"debit","id":"-2764790703747482922","name":"Debit account"},"nature":"PAYMENT","requiresAuthorization":false,"ignoreAccountLimits":false,"allowFromCustomName":false,"allowToCustomName":false,"internalName":"user.toDebit","id":"-2764790703579710762","name":"Payment to Debit account"},"description":"This is test payment","amount":"-1.00","customValues":[],"statuses":[],"relatedAccount":{"class":"org.cyclos.model.banking.accounts.AccountVO","owner":"SYSTEM","type":{"class":"org.cyclos.model.banking.accounttypes.SystemAccountTypeVO","limitType":"UNLIMITED","global":false,"nature":"SYSTEM","internalName":"debit","id":"-2764790703747482922","name":"Debit account"},"active":false,"id":"-2764790703747482922"},"transactionId":"-2764790704183690538","transactionNature":"PAYMENT","id":"-2764790704015918378"},{"class":"org.cyclos.model.banking.accounts.AccountHistoryEntryVO","date":"2019-08-07T11:33:27.776+01:00","type":{"class":"org.cyclos.model.banking.transfertypes.TransferTypeVO","enabled":true,"from":{"class":"org.cyclos.model.banking.accounttypes.SystemAccountTypeVO","limitType":"UNLIMITED","global":false,"nature":"SYSTEM","internalName":"debit","id":"-2764790703747482922","name":"Debit account"},"to":{"class":"org.cyclos.model.banking.accounttypes.AccountTypeVO","global":false,"nature":"USER","internalName":"user","id":"-2764790703680374058","name":"Member account"},"nature":"PAYMENT","requiresAuthorization":false,"ignoreAccountLimits":false,"allowFromCustomName":false,"allowToCustomName":false,"internalName":"debit.toUser","id":"-2764790703680374058","name":"Payment from Debit account"},"amount":"50000.00","customValues":[],"statuses":[],"relatedAccount":{"class":"org.cyclos.model.banking.accounts.AccountVO","owner":"SYSTEM","type":{"class":"org.cyclos.model.banking.accounttypes.SystemAccountTypeVO","limitType":"UNLIMITED","global":false,"nature":"SYSTEM","internalName":"debit","id":"-2764790703747482922","name":"Debit account"},"active":false,"id":"-2764790703747482922"},"transactionId":"-2764790703311275306","transactionNature":"PAYMENT","id":"-2764790704217244970"},{"class":"org.cyclos.model.banking.accounts.AccountHistoryEntryVO","date":"2019-08-07T11:31:58.127+01:00","type":{"class":"org.cyclos.model.banking.transfertypes.TransferTypeVO","enabled":true,"from":{"class":"org.cyclos.model.banking.accounttypes.SystemAccountTypeVO","limitType":"UNLIMITED","global":false,"nature":"SYSTEM","internalName":"debit","id":"-2764790703747482922","name":"Debit account"},"to":{"class":"org.cyclos.model.banking.accounttypes.AccountTypeVO","global":false,"nature":"USER","internalName":"user","id":"-2764790703680374058","name":"Member account"},"nature":"GENERATED","requiresAuthorization":false,"ignoreAccountLimits":false,"allowFromCustomName":false,"allowToCustomName":false,"internalName":"debit.initialCredit","id":"-2764790703747482922","name":"Initial credit"},"amount":"1000.00","customValues":[],"statuses":[],"relatedAccount":{"class":"org.cyclos.model.banking.accounts.AccountVO","owner":"SYSTEM","type":{"class":"org.cyclos.model.banking.accounttypes.SystemAccountTypeVO","limitType":"UNLIMITED","global":false,"nature":"SYSTEM","internalName":"debit","id":"-2764790703747482922","name":"Debit account"},"active":false,"id":"-2764790703747482922"},"id":"-2764790703277720874"}],"currentPage":0,"pageSize":40,"totalCount":25,"hasNextPage":false,"pageCount":1}}