{"result":{"class":"org.cyclos.model.banking.transactions.PerformPaymentData","from":{"class":"org.cyclos.model.users.users.UserVO","display":"PerfTestUser3","shortDisplay":"PerfTestUser3","id":"-2764790703445493034"},"accounts":[{"class":"org.cyclos.model.banking.accounts.AccountWithStatusVO","status":{"class":"org.cyclos.model.banking.accounts.AccountStatusVO","creditLimit":"0.00","balance":"50966.00","availableBalance":"50966.00","reservedAmount":"0.00","accountId":"-2764790703512601898"},"unlimited":false,"currency":{"class":"org.cyclos.model.banking.currencies.CurrencyVO","symbol":"U","precision":2,"global":false,"prefix":"U ","internalName":"unit","id":"-2764790703747482922","name":"Units"},"owner":{"class":"org.cyclos.model.users.users.UserVO","display":"PerfTestUser3","shortDisplay":"PerfTestUser3","id":"-2764790703445493034"},"type":{"class":"org.cyclos.model.banking.accounttypes.AccountTypeVO","global":false,"nature":"USER","internalName":"user","id":"-2764790703680374058","name":"Member account"},"active":true,"id":"-2764790703512601898"}],"principalTypes":[{"class":"org.cyclos.model.access.principaltypes.PrincipalTypeInputVO","builtInType":"USERNAME","allowManualInputOfValue":false,"global":true,"nature":"BUILT_IN","internalName":"username","id":"-2764790703747482922","name":"Login name"}],"allowContacts":true,"allowAutocomplete":true,"defaultIdMethod":"AUTOCOMPLETE","to":"SYSTEM","paymentTypeData":{"class":"org.cyclos.model.banking.transactions.PerformPaymentTypeData","limitedAwaitingAuthorization":false,"noNegativesMaturityPolicy":false,"maxInstallments":0,"allowsRecurringPayments":false,"currency":{"class":"org.cyclos.model.banking.currencies.CurrencyVO","symbol":"U","precision":2,"global":false,"prefix":"U ","internalName":"unit","id":"-2764790703747482922","name":"Units"},"descriptionAvailability":"OPTIONAL","id":"-2764790703579710762"},"paymentTypes":[{"class":"org.cyclos.model.banking.transfertypes.TransferTypeWithCurrencyVO","currency":{"class":"org.cyclos.model.banking.currencies.CurrencyVO","symbol":"U","precision":2,"global":false,"prefix":"U ","internalName":"unit","id":"-2764790703747482922","name":"Units"},"enabled":true,"from":{"class":"org.cyclos.model.banking.accounttypes.AccountTypeVO","global":false,"nature":"USER","internalName":"user","id":"-2764790703680374058","name":"Member account"},"to":{"class":"org.cyclos.model.banking.accounttypes.SystemAccountTypeVO","limitType":"UNLIMITED","global":false,"nature":"SYSTEM","internalName":"debit","id":"-2764790703747482922","name":"Debit account"},"nature":"PAYMENT","requiresAuthorization":false,"ignoreAccountLimits":false,"allowFromCustomName":false,"allowToCustomName":false,"internalName":"user.toDebit","id":"-2764790703579710762","name":"Payment to Debit account"},{"class":"org.cyclos.model.banking.transfertypes.TransferTypeWithCurrencyVO","currency":{"class":"org.cyclos.model.banking.currencies.CurrencyVO","symbol":"U","precision":2,"global":false,"prefix":"U ","internalName":"unit","id":"-2764790703747482922","name":"Units"},"enabled":true,"from":{"class":"org.cyclos.model.banking.accounttypes.AccountTypeVO","global":false,"nature":"USER","internalName":"user","id":"-2764790703680374058","name":"Member account"},"to":{"class":"org.cyclos.model.banking.accounttypes.SystemAccountTypeVO","limitType":"LIMITED","global":false,"nature":"SYSTEM","internalName":"organization","id":"-2764790703646819626","name":"Organization account"},"nature":"PAYMENT","requiresAuthorization":false,"ignoreAccountLimits":false,"allowFromCustomName":false,"allowToCustomName":false,"internalName":"user.toOrganization","id":"-2764790703512601898","name":"Payment to Organization account"}]}}