{"result":{"class":"org.cyclos.model.banking.transactions.PaymentPreviewVO","fees":[],"mainAmount":{"class":"org.cyclos.model.utils.CurrencyAmountDTO","currency":{"class":"org.cyclos.model.banking.currencies.CurrencyVO","symbol":"U","precision":2,"global":false,"prefix":"U ","internalName":"unit","id":"-2764790703747482922","name":"Units"},"amount":"4.00"},"payment":{"class":"org.cyclos.model.banking.transactions.PerformPaymentDTO","to":"SYSTEM","from":{"class":"org.cyclos.model.users.users.UserVO","locator":{"class":"org.cyclos.model.users.users.UserLocatorVO","id":"-2764790703445493034"},"display":"PerfTestUser3","shortDisplay":"PerfTestUser3","id":"-2764790703445493034"},"type":{"class":"org.cyclos.model.banking.transfertypes.TransferTypeVO","enabled":true,"from":{"class":"org.cyclos.model.banking.accounttypes.AccountTypeVO","global":false,"nature":"USER","internalName":"user","id":"-2764790703680374058","name":"Member account"},"to":{"class":"org.cyclos.model.banking.accounttypes.SystemAccountTypeVO","limitType":"UNLIMITED","global":false,"nature":"SYSTEM","internalName":"debit","id":"-2764790703747482922","name":"Debit account"},"nature":"PAYMENT","requiresAuthorization":false,"ignoreAccountLimits":false,"allowFromCustomName":false,"allowToCustomName":false,"internalName":"user.toDebit","id":"-2764790703579710762","name":"Payment to Debit account"},"description":"THIS IS TEXT DESCRIPTION number 000001","amount":"4.00","customValues":[]},"pendingAuthorization":false,"toAccount":{"class":"org.cyclos.model.banking.accounts.AccountVO","owner":"SYSTEM","type":{"class":"org.cyclos.model.banking.accounttypes.SystemAccountTypeVO","limitType":"UNLIMITED","global":false,"nature":"SYSTEM","internalName":"debit","id":"-2764790703747482922","name":"Debit account"},"active":true,"id":"-2764790703747482922"},"totalAmount":{"class":"org.cyclos.model.utils.CurrencyAmountDTO","currency":{"class":"org.cyclos.model.banking.currencies.CurrencyVO","symbol":"U","precision":2,"global":false,"prefix":"U ","internalName":"unit","id":"-2764790703747482922","name":"Units"},"amount":"4.00"},"fromAccount":{"class":"org.cyclos.model.banking.accounts.AccountVO","owner":{"class":"org.cyclos.model.users.users.UserVO","display":"PerfTestUser3","shortDisplay":"PerfTestUser3","id":"-2764790703445493034"},"type":{"class":"org.cyclos.model.banking.accounttypes.AccountTypeVO","global":false,"nature":"USER","internalName":"user","id":"-2764790703680374058","name":"Member account"},"active":true,"id":"-2764790703512601898"}}}