{"result":{"class":"org.cyclos.model.banking.transactions.PaymentVO","transferId":"-2764790705290986794","received":false,"channel":{"class":"org.cyclos.model.access.channels.ChannelVO","global":true,"internalName":"main","id":"-2764790703747482922","name":"Main web"},"customValues":[],"date":"2019-08-14T21:34:07.090+01:00","type":{"class":"org.cyclos.model.banking.transfertypes.TransferTypeVO","enabled":true,"from":{"class":"org.cyclos.model.banking.accounttypes.AccountTypeVO","global":false,"nature":"USER","internalName":"user","id":"-2764790703680374058","name":"Member account"},"to":{"class":"org.cyclos.model.banking.accounttypes.SystemAccountTypeVO","limitType":"UNLIMITED","global":false,"nature":"SYSTEM","internalName":"debit","id":"-2764790703747482922","name":"Debit account"},"nature":"PAYMENT","requiresAuthorization":false,"ignoreAccountLimits":false,"allowFromCustomName":false,"allowToCustomName":false,"internalName":"user.toDebit","id":"-2764790703579710762","name":"Payment to Debit account"},"description":"THIS IS TEXT DESCRIPTION","fromOwner":{"class":"org.cyclos.model.users.users.UserVO","display":"PerfTestUser3","shortDisplay":"PerfTestUser3","id":"-2764790703445493034"},"nature":"PAYMENT","toOwner":"SYSTEM","display":"-2764790704385017130","currencyAmount":{"class":"org.cyclos.model.utils.CurrencyAmountDTO","currency":{"class":"org.cyclos.model.banking.currencies.CurrencyVO","symbol":"U","precision":2,"global":false,"prefix":"U ","internalName":"unit","id":"-2764790703747482922","name":"Units"},"amount":"4.00"},"id":"-2764790704385017130"}}