{"result":{"class":"org.cyclos.model.banking.accounts.AccountHistoryStatusVO","endDate":"2019-08-15T23:59:59.999+01:00","beginDate":"2018-08-15T00:00:00.000+01:00","balanceAtBegin":"0.00","balanceAtEnd":"50962.00","incoming":{"class":"org.cyclos.model.utils.AmountSummaryVO","count":2,"currency":{"class":"org.cyclos.model.banking.currencies.CurrencyVO","symbol":"U","precision":2,"global":false,"prefix":"U ","internalName":"unit","id":"-2764790703747482922","name":"Units"},"sum":"51000.00","average":"25500.00"},"outgoing":{"class":"org.cyclos.model.utils.AmountSummaryVO","count":24,"currency":{"class":"org.cyclos.model.banking.currencies.CurrencyVO","symbol":"U","precision":2,"global":false,"prefix":"U ","internalName":"unit","id":"-2764790703747482922","name":"Units"},"sum":"38.00","average":"1.58"},"netInflow":"50962.00","creditLimit":"0.00","balance":"50962.00","availableBalance":"50962.00","reservedAmount":"0.00","accountId":"-2764790703512601898"}}