{"result":{"class":"org.cyclos.model.access.InitializationData","guestData":{"class":"org.cyclos.model.access.GuestInitializationData","useLeftSpace":true,"loginData":{"class":"org.cyclos.model.access.LoginData","principalTypes":[{"class":"org.cyclos.model.access.principaltypes.PrincipalTypeInputVO","builtInType":"USERNAME","allowManualInputOfValue":false,"global":true,"nature":"BUILT_IN","internalName":"username","id":"-2764790703747482922","name":"Login name"}],"loginPasswordInput":{"class":"org.cyclos.model.access.passwords.PasswordInputDTO","internalName":"login","name":"Login password","id":"-2764790703747482922","minLength":4,"maxLength":12,"passwordMode":"MANUAL","confirmationPasswordOncePerSession":false,"inputMethod":"TEXT_BOX","numberOfRows":0,"numberOfButtons":0,"otpSendMediums":[],"pinAvailability":"DISABLED","deviceAvailability":"DISABLED","hasActiveDevice":false,"hasActivePassword":false,"buttonsPerRow":0},"requestCaptcha":true,"accessPasswordType":{"class":"org.cyclos.model.access.passwordtypes.PasswordTypeVO","global":true,"passwordMode":"MANUAL","descriptionOnRegistration":"Please enter your password below. This password is used to login to the system. The password should contain at least 4 characters and have a maximum of 12 characters.","internalName":"login","id":"-2764790703747482922","name":"Login password"},"showForgotPassword":false},"possibleInitialGroups":[{"class":"org.cyclos.model.users.groups.InitialGroupVO","internalName":"members","id":"-2764790703579710762","name":"Users"}]},"hideUserSearchInMenu":false,"autocompleteResults":8,"applicationUsername":"Administration","listSeparator":"COMMA","maxResults":1000,"menuEntries":[],"menuType":"TOP","globalMode":false,"maxMediumThumbDimensions":{"class":"org.cyclos.model.utils.DimensionsDTO","width":240,"height":240},"maxSmallThumbDimensions":{"class":"org.cyclos.model.utils.DimensionsDTO","width":150,"height":150},"currentLocale":{"class":"org.cyclos.model.utils.LocaleVO","language":"en","name":"English"},"defaultLocale":{"class":"org.cyclos.model.utils.LocaleVO","language":"en","name":"English"},"allowedLocales":[{"class":"org.cyclos.model.utils.LocaleVO","language":"en","name":"English"}],"mobilePhoneExample":"07400 123456","landlinePhoneExample":"0121 234 5678","maxResultsOnMap":1000,"canSearchUsers":false,"canViewUserProfile":false,"canSearchAds":true,"useMapDirectory":false,"banners":[],"footerContent":{"class":"org.cyclos.model.contentmanagement.staticcontents.FooterContentVO","version":1,"themed":false,"id":"-2764790703646819626"},"headerContent":{"class":"org.cyclos.model.contentmanagement.staticcontents.HeaderContentVO","version":2,"content":"<img src=\"http://cyclos-dev-loadbalancer-568615165.eu-west-1.elb.amazonaws.com/cyclos/Network01/content/images/currentConfiguration/SYSTEM_LOGO?mod=1564996692527\">","id":"-2764790703747482922"},"maxRightBanners":0,"country":"GB","language":"en","numberFormat":"PERIOD_AS_DECIMAL","timeFormat":"H24","applicationName":"Network 01","dateFormat":"DMY_DASH","languageVersion":1,"currentClientTime":"2019-08-14T21:33:33.557+01:00","rootUrl":"http://ec2-54-171-221-233.eu-west-1.compute.amazonaws.com:8080/cyclos","maxUploadSize":{"class":"org.cyclos.model.utils.FileSizeDTO","size":5,"unit":"M"},"maxImageDimensions":{"class":"org.cyclos.model.utils.DimensionsDTO","width":960,"height":960},"jpegQuality":80,"configurationId":"-2764790703646819626","useMap":false,"applicationVersion":"4.12","timeZoneId":"Europe/London","resourceCacheKey":"04186c5b68794be61ffa6bc7fb4a478817386a94","themeId":"-2764790703747482922","languageId":"-2764790703814591786","distanceUnit":"KILOMETER","themeVersion":1,"defaultMapZoomMobile":16,"configurationVersion":4,"themeLastModified":"1562772279057","applicationCommitId":"04186c5b68794be61ffa6bc7fb4a478817386a94","builtinLanguage":"EN","shortcutIconUrl":"http://cyclos-dev-loadbalancer-568615165.eu-west-1.elb.amazonaws.com/cyclos/Network01/content/images/currentConfiguration/SHORTCUT_ICON?mod=1564996692527","defaultMapZoomWeb":15}}