[
    {
        "actionName": "Action",
        "steps": [
            {
                "stepId": "STEP9",
                "stepName": "Url: loadTranslations_3",
                "infFile": "t10.inf",
                "time": 1565812146762
            },
            {
                "stepId": "STEP10",
                "stepName": "Custom Request: productsAndServices",
                "infFile": "t11.inf",
                "time": 1565812146957
            },
            {
                "stepId": "STEP11",
                "stepName": "Url: loadTranslations_4",
                "infFile": "t12.inf",
                "time": 1565812152150
            },
            {
                "stepId": "STEP12",
                "stepName": "Custom Request: productsAndServices_2",
                "infFile": "t13.inf",
                "time": 1565812152304
            },
            {
                "stepId": "STEP13",
                "stepName": "Custom Request: productsAndServices_3",
                "infFile": "t14.inf",
                "time": 1565812152451
            },
            {
                "stepId": "STEP14",
                "stepName": "Url: loadTranslations_5",
                "infFile": "t15.inf",
                "time": 1565812157711
            },
            {
                "stepId": "STEP15",
                "stepName": "Custom Request: productsAndServices_4",
                "infFile": "t21.inf",
                "time": 1565812157984
            },
            {
                "stepId": "STEP16",
                "stepName": "Submit Data: temp",
                "infFile": "t23.inf",
                "time": 1565812163241
            },
            {
                "stepId": "STEP17",
                "stepName": "Custom Request: productsAndServices_5",
                "infFile": "t24.inf",
                "time": 1565812163486
            },
            {
                "stepId": "STEP18",
                "stepName": "Custom Request: productsAndServices_6",
                "infFile": "t25.inf",
                "time": 1565812163642
            },
            {
                "stepId": "STEP19",
                "stepName": "Custom Request: productsAndServices_7",
                "infFile": "t26.inf",
                "time": 1565812168880
            },
            {
                "stepId": "STEP20",
                "stepName": "Custom Request: productsAndServices_8",
                "infFile": "t28.inf",
                "time": 1565812174154
            },
            {
                "stepId": "STEP21",
                "stepName": "Url: loadTranslations_6",
                "infFile": "t29.inf",
                "time": 1565812174358
            },
            {
                "stepId": "STEP22",
                "stepName": "Custom Request: productsAndServices_10",
                "infFile": "t30.inf",
                "time": 1565812174539
            }
        ],
        "transactions": [
            {
                "transactionName": "BP02_04_MarketPlace",
                "rawStartTime": 1565812146609,
                "rawEndTime": 1565812146983,
                "thinkTime": 0.0,
                "wastedTime": 0.05366349220275879
            },
            {
                "transactionName": "BP02_05_MyAdvertisement",
                "rawStartTime": 1565812152026,
                "rawEndTime": 1565812152483,
                "thinkTime": 0.0,
                "wastedTime": 0.10173463821411133
            },
            {
                "transactionName": "BP02_06_NewAdvert",
                "rawStartTime": 1565812157570,
                "rawEndTime": 1565812158007,
                "thinkTime": 0.0,
                "wastedTime": 0.07334542274475098
            },
            {
                "transactionName": "BP02_07_Save",
                "rawStartTime": 1565812163029,
                "rawEndTime": 1565812163659,
                "thinkTime": 0.0,
                "wastedTime": 0.10321044921875
            },
            {
                "transactionName": "BP02_08_MarketPlace",
                "rawStartTime": 1565812168711,
                "rawEndTime": 1565812168911,
                "thinkTime": 0.0,
                "wastedTime": 0.05118894577026367
            },
            {
                "transactionName": "BP02_09_searchItem",
                "rawStartTime": 1565812174001,
                "rawEndTime": 1565812174184,
                "thinkTime": 0.0,
                "wastedTime": 0.04575204849243164
            },
            {
                "transactionName": "BP02_10_OpenItem",
                "rawStartTime": 1565812174254,
                "rawEndTime": 1565812174570,
                "thinkTime": 0.0,
                "wastedTime": 0.0676882266998291
            }
        ]
    }
]