[
    {
        "actionName": "vuser_init",
        "steps": [
            {
                "stepId": "STEP1",
                "stepName": "Url: Network01",
                "infFile": "t1.inf",
                "time": 1565812130307
            },
            {
                "stepId": "STEP2",
                "stepName": "Custom Request: initializationService",
                "infFile": "t2.inf",
                "time": 1565812130507
            },
            {
                "stepId": "STEP3",
                "stepName": "Url: loadTranslations",
                "infFile": "t3.inf",
                "time": 1565812130649
            },
            {
                "stepId": "STEP4",
                "stepName": "Custom Request: initializationService_2",
                "infFile": "t4.inf",
                "time": 1565812130768
            },
            {
                "stepId": "STEP5",
                "stepName": "Url: loadTranslations_2",
                "infFile": "t5.inf",
                "time": 1565812135904
            },
            {
                "stepId": "STEP6",
                "stepName": "Submit Data: login",
                "infFile": "t6.inf",
                "time": 1565812141182
            },
            {
                "stepId": "STEP7",
                "stepName": "Custom Request: initializationService_3",
                "infFile": "t8.inf",
                "time": 1565812141314
            },
            {
                "stepId": "STEP8",
                "stepName": "Custom Request: initializationService_4",
                "infFile": "t9.inf",
                "time": 1565812141513
            }
        ],
        "transactions": [
            {
                "transactionName": "BP02_01_OpenApplication",
                "rawStartTime": 1565812128971,
                "rawEndTime": 1565812130769,
                "thinkTime": 0.0,
                "wastedTime": 0.36049652099609377
            },
            {
                "transactionName": "BP02_02_SignInPage",
                "rawStartTime": 1565812135792,
                "rawEndTime": 1565812135904,
                "thinkTime": 0.0,
                "wastedTime": 0.030660629272460939
            },
            {
                "transactionName": "BP02_03_Login",
                "rawStartTime": 1565812140940,
                "rawEndTime": 1565812141514,
                "thinkTime": 0.0,
                "wastedTime": 0.14700627326965333
            }
        ]
    }
]