{"result":{"class":"org.cyclos.model.marketplace.advertisements.AdDetailsData","categories":[{"class":"org.cyclos.model.marketplace.categories.AdCategoryDetailedVO","active":true,"images":[],"childrenCount":0,"id":"-2764790703747482922","name":"Cars"},{"class":"org.cyclos.model.marketplace.categories.AdCategoryDetailedVO","active":true,"images":[],"childrenCount":0,"id":"-2764790703646819626","name":"Property"},{"class":"org.cyclos.model.marketplace.categories.AdCategoryDetailedVO","active":true,"images":[],"childrenCount":0,"id":"-2764790703680374058","name":"Media"},{"class":"org.cyclos.model.marketplace.categories.AdCategoryDetailedVO","active":true,"images":[],"childrenCount":0,"id":"-2764790703579710762","name":"Services"}],"addressConfiguration":{"class":"org.cyclos.model.users.addresses.AddressConfigurationData","useMap":false,"enabledAddressFields":["STREET","BUILDING_NUMBER","COMPLEMENT","NEIGHBORHOOD","ZIP","CITY","COUNTRY"],"requiredAddressFields":[],"defaultCountry":"GB","requiredAddress":false},"addressListData":{"class":"org.cyclos.model.users.addresses.AddressListData","addresses":[],"maxAddresses":0,"addressRequired":false,"canCreateAddress":false},"descriptionMaxLength":2000,"maxCategoriesPerAd":1,"maxAddressesPerAd":0,"adsRequireAuthorization":false,"canHide":true,"canSubmitForAuthorization":false,"canSaveAsDraft":false,"maxImages":3,"currencies":[{"class":"org.cyclos.model.banking.currencies.CurrencyVO","symbol":"U","precision":2,"global":false,"prefix":"U ","internalName":"unit","id":"-2764790703747482922","name":"Units"}],"canCreateNew":true,"questionsEnabled":false,"customFieldActions":[],"canSetAddress":false,"dto":{"class":"org.cyclos.model.marketplace.advertisements.AdvertisementDTO","owner":{"class":"org.cyclos.model.users.users.UserVO","display":"PerfTestUser4","shortDisplay":"PerfTestUser4","id":"-2764790703479047466"},"categories":[],"addresses":[],"customValues":[],"publicationPeriod":{"class":"org.cyclos.model.utils.DatePeriodDTO","end":"2019-11-14T22:59:59.999Z","begin":"2019-08-14T00:00:00.000+01:00"},"promotionalPeriodActive":false,"uploadedImages":[]},"editable":true,"removable":false,"canViewHistoryLog":false}}