{"result":{"class":"org.cyclos.model.access.InitializationData","hideUserSearchInMenu":false,"autocompleteResults":8,"applicationUsername":"Administration","listSeparator":"COMMA","maxResults":1000,"menuEntries":[],"menuType":"TOP_AND_LEFT","globalMode":false,"maxMediumThumbDimensions":{"class":"org.cyclos.model.utils.DimensionsDTO","width":240,"height":240},"maxSmallThumbDimensions":{"class":"org.cyclos.model.utils.DimensionsDTO","width":150,"height":150},"currentLocale":{"class":"org.cyclos.model.utils.LocaleVO","language":"en","name":"English"},"defaultLocale":{"class":"org.cyclos.model.utils.LocaleVO","language":"en","name":"English"},"allowedLocales":[{"class":"org.cyclos.model.utils.LocaleVO","language":"en","name":"English"}],"mobilePhoneExample":"07400 123456","landlinePhoneExample":"0121 234 5678","maxResultsOnMap":1000,"canSearchUsers":true,"canViewUserProfile":true,"canSearchAds":true,"useMapDirectory":false,"userData":{"class":"org.cyclos.model.access.UserInitializationData","canHaveContactInfos":false,"canSearchSharedRecordFields":false,"canViewMessages":true,"canViewProducts":false,"cartItems":0,"globalAdminOnNetwork":false,"globalSystemAdmin":false,"hasAccessibleUserGroups":true,"hasDashboardActions":true,"hasDocuments":false,"hasOperatorGroupsRequiringPaymentAuthorization":false,"hasTrustedDevices":false,"myAccessClientTypes":[],"myTokenPrincipalTypes":[],"myVisibleProfileFields":["FULL_NAME","LOGIN_NAME","EMAIL","PHONE","ADDRESS","ACCOUNT_NUMBER","IMAGE"],"restrictedOperatorAuthorize":false,"restrictedOperatorRequiresAuthorization":false,"singleFormRecords":[],"userAccessClientTypes":[],"userTokenPrincipalTypes":[],"global":false,"customOperations":[],"notificationsStatus":{"class":"org.cyclos.model.messaging.notifications.NotificationsStatusVO","unreadNotifications":1,"newNotifications":1},"user":{"class":"org.cyclos.model.access.login.UserAuthVO","permissions":["USER_ADS_VIEW","MY_AD_INTERESTS_ENABLE","MY_MESSAGES_VIEW","MY_NOTIFICATION_SETTINGS_ENABLE","MY_PAYMENT_TICKETS_CREATE","USER_VISIBILITY_MAP_DIRECTORY","MY_CONTACTS_ENABLE","MY_PAYMENTS_PAY_TO_SYSTEM","MY_ADS_MANAGE","MY_DASHBOARD_SETTINGS_ENABLE","MY_PAYMENT_TICKETS_APPROVE","MY_MESSAGES_FORWARD_TO_EMAIL","MY_PASSWORDS_MANAGE","MY_MESSAGES_SEND_TO_SYSTEM","MY_MESSAGES_SEND_TO_USER","MY_PAYMENTS_PAY_TO_USER","USER_VISIBILITY_PROFILE","MY_ADS_ENABLE","USER_VISIBILITY_SEARCH","MY_NOTIFICATIONS_ENABLE"],"hasPendingSecondaryPassword":false,"global":false,"roles":["MEMBER"],"principal":"PerfTestUser4","principalType":{"class":"org.cyclos.model.access.principaltypes.PrincipalTypeVO","global":true,"nature":"BUILT_IN","internalName":"username","id":"-2764790703747482922","name":"Login name"},"sessionToken":"uXjFSXJAvO7AJufyroGZbm5afwyhRReZ","user":{"class":"org.cyclos.model.users.users.UserWithFieldsVO","name":"PerfTestUser4","username":"PerfTestUser4","group":{"class":"org.cyclos.model.users.groups.UserGroupVO","inheritsConfiguration":false,"enabled":true,"nature":"MEMBER_GROUP","internalName":"members","id":"-2764790703579710762","name":"Users"},"email":"PerfTestUse4@PerfTestUser4.com","customValues":[],"display":"PerfTestUser4","shortDisplay":"PerfTestUser4","id":"-2764790703479047466"},"pendingPasswords":[],"hasPendingAgreements":false,"hasExpiredPassword":false,"hasExpiredSecondaryPassword":false},"newMessages":0,"systemRecordTypes":[],"userRecordTypes":[],"myRecordTypes":[],"currencies":[{"class":"org.cyclos.model.banking.currencies.CurrencyVO","symbol":"U","precision":2,"global":false,"prefix":"U ","internalName":"unit","id":"-2764790703747482922","name":"Units"}],"documentCategoryView":[],"documentCategoryManage":[],"systemImageCategoriesManage":[],"systemImageCategoriesView":[],"maxCustomImages":0,"visibleAccounts":[{"class":"org.cyclos.model.banking.accounts.AccountVO","owner":{"class":"org.cyclos.model.users.users.UserVO","display":"PerfTestUser4","shortDisplay":"PerfTestUser4","id":"-2764790703479047466"},"type":{"class":"org.cyclos.model.banking.accounttypes.AccountTypeVO","global":false,"nature":"USER","internalName":"user","id":"-2764790703680374058","name":"Member account"},"active":true,"id":"-2764790703546156330"}],"canSendMessage":true,"regionalSettings":{"class":"org.cyclos.model.users.users.RegionalSettingsDTO"},"maxProfileImages":3},"banners":[],"footerContent":{"class":"org.cyclos.model.contentmanagement.staticcontents.FooterContentVO","version":1,"themed":false,"id":"-2764790703646819626"},"headerContent":{"class":"org.cyclos.model.contentmanagement.staticcontents.HeaderContentVO","version":2,"content":"<img src=\"http://cyclos-dev-loadbalancer-568615165.eu-west-1.elb.amazonaws.com/cyclos/Network01/content/images/currentConfiguration/SYSTEM_LOGO?mod=1564996692527\">","id":"-2764790703747482922"},"maxRightBanners":0,"country":"GB","language":"en","numberFormat":"PERIOD_AS_DECIMAL","timeFormat":"H24","applicationName":"Network 01","dateFormat":"DMY_DASH","languageVersion":1,"currentClientTime":"2019-08-14T20:49:02.731+01:00","rootUrl":"http://ec2-54-171-221-233.eu-west-1.compute.amazonaws.com:8080/cyclos","maxUploadSize":{"class":"org.cyclos.model.utils.FileSizeDTO","size":5,"unit":"M"},"maxImageDimensions":{"class":"org.cyclos.model.utils.DimensionsDTO","width":960,"height":960},"jpegQuality":80,"configurationId":"-2764790703646819626","useMap":false,"applicationVersion":"4.12","timeZoneId":"Europe/London","resourceCacheKey":"04186c5b68794be61ffa6bc7fb4a478817386a94","themeId":"-2764790703747482922","languageId":"-2764790703814591786","distanceUnit":"KILOMETER","themeVersion":1,"defaultMapZoomMobile":16,"configurationVersion":4,"themeLastModified":"1562772279057","applicationCommitId":"04186c5b68794be61ffa6bc7fb4a478817386a94","builtinLanguage":"EN","shortcutIconUrl":"http://cyclos-dev-loadbalancer-568615165.eu-west-1.elb.amazonaws.com/cyclos/Network01/content/images/currentConfiguration/SHORTCUT_ICON?mod=1564996692527","defaultMapZoomWeb":15}}