[
    {
        "actionName": "Action",
        "steps": [
            {
                "stepId": "STEP37",
                "stepName": "Url: loadTranslations_3",
                "infFile": "t10.inf",
                "time": 1565812203087
            },
            {
                "stepId": "STEP38",
                "stepName": "Custom Request: productsAndServices",
                "infFile": "t11.inf",
                "time": 1565812203222
            },
            {
                "stepId": "STEP39",
                "stepName": "Url: loadTranslations_4",
                "infFile": "t12.inf",
                "time": 1565812208435
            },
            {
                "stepId": "STEP40",
                "stepName": "Custom Request: productsAndServices_2",
                "infFile": "t13.inf",
                "time": 1565812208609
            },
            {
                "stepId": "STEP41",
                "stepName": "Custom Request: productsAndServices_3",
                "infFile": "t14.inf",
                "time": 1565812208793
            },
            {
                "stepId": "STEP42",
                "stepName": "Url: loadTranslations_5",
                "infFile": "t15.inf",
                "time": 1565812214074
            },
            {
                "stepId": "STEP43",
                "stepName": "Custom Request: productsAndServices_4",
                "infFile": "t21.inf",
                "time": 1565812214252
            },
            {
                "stepId": "STEP44",
                "stepName": "Submit Data: temp",
                "infFile": "t23.inf",
                "time": 1565812219625
            },
            {
                "stepId": "STEP45",
                "stepName": "Custom Request: productsAndServices_5",
                "infFile": "t24.inf",
                "time": 1565812219880
            },
            {
                "stepId": "STEP46",
                "stepName": "Custom Request: productsAndServices_6",
                "infFile": "t25.inf",
                "time": 1565812220129
            },
            {
                "stepId": "STEP47",
                "stepName": "Custom Request: productsAndServices_7",
                "infFile": "t26.inf",
                "time": 1565812225508
            },
            {
                "stepId": "STEP48",
                "stepName": "Custom Request: productsAndServices_8",
                "infFile": "t28.inf",
                "time": 1565812230778
            },
            {
                "stepId": "STEP49",
                "stepName": "Url: loadTranslations_6",
                "infFile": "t29.inf",
                "time": 1565812231003
            },
            {
                "stepId": "STEP50",
                "stepName": "Custom Request: productsAndServices_10",
                "infFile": "t30.inf",
                "time": 1565812231179
            }
        ],
        "transactions": [
            {
                "transactionName": "BP02_04_MarketPlace",
                "rawStartTime": 1565812202960,
                "rawEndTime": 1565812203247,
                "thinkTime": 0.0,
                "wastedTime": 0.07310819625854492
            },
            {
                "transactionName": "BP02_05_MyAdvertisement",
                "rawStartTime": 1565812208300,
                "rawEndTime": 1565812208825,
                "thinkTime": 0.0,
                "wastedTime": 0.15256142616271974
            },
            {
                "transactionName": "BP02_06_NewAdvert",
                "rawStartTime": 1565812213914,
                "rawEndTime": 1565812214256,
                "thinkTime": 0.0,
                "wastedTime": 0.11034584045410156
            },
            {
                "transactionName": "BP02_07_Save",
                "rawStartTime": 1565812219332,
                "rawEndTime": 1565812220133,
                "thinkTime": 0.0,
                "wastedTime": 0.16065144538879395
            },
            {
                "transactionName": "BP02_08_MarketPlace",
                "rawStartTime": 1565812225139,
                "rawEndTime": 1565812225528,
                "thinkTime": 0.0,
                "wastedTime": 0.0441126823425293
            },
            {
                "transactionName": "BP02_09_searchItem",
                "rawStartTime": 1565812230619,
                "rawEndTime": 1565812230806,
                "thinkTime": 0.0,
                "wastedTime": 0.04268240928649902
            },
            {
                "transactionName": "BP02_10_OpenItem",
                "rawStartTime": 1565812230869,
                "rawEndTime": 1565812231202,
                "thinkTime": 0.0,
                "wastedTime": 0.10039949417114258
            }
        ]
    }
]