[
    {
        "actionName": "vuser_end",
        "steps": [
            {
                "stepId": "STEP51",
                "stepName": "Custom Request: loginService",
                "infFile": "t31.inf",
                "time": 1565812231384
            },
            {
                "stepId": "STEP52",
                "stepName": "Custom Request: initializationService_5",
                "infFile": "t32.inf",
                "time": 1565812231517
            },
            {
                "stepId": "STEP53",
                "stepName": "Custom Request: initializationService_6",
                "infFile": "t33.inf",
                "time": 1565812231630
            }
        ],
        "transactions": [
            {
                "transactionName": "BP02_11_LogOut",
                "rawStartTime": 1565812231256,
                "rawEndTime": 1565812231631,
                "thinkTime": 0.0,
                "wastedTime": 0.1407308578491211
            }
        ]
    }
]