{"result":{"class":"org.cyclos.model.marketplace.advertisements.AdDetailsData","categories":[{"class":"org.cyclos.model.marketplace.categories.AdCategoryDetailedVO","active":true,"images":[],"childrenCount":0,"id":"-2764790703747482922","name":"Cars"},{"class":"org.cyclos.model.marketplace.categories.AdCategoryDetailedVO","active":true,"images":[],"childrenCount":0,"id":"-2764790703646819626","name":"Property"},{"class":"org.cyclos.model.marketplace.categories.AdCategoryDetailedVO","active":true,"images":[],"childrenCount":0,"id":"-2764790703680374058","name":"Media"},{"class":"org.cyclos.model.marketplace.categories.AdCategoryDetailedVO","active":true,"images":[],"childrenCount":0,"id":"-2764790703579710762","name":"Services"}],"addressConfiguration":{"class":"org.cyclos.model.users.addresses.AddressConfigurationData","useMap":false,"enabledAddressFields":["STREET","BUILDING_NUMBER","COMPLEMENT","NEIGHBORHOOD","ZIP","CITY","COUNTRY"],"requiredAddressFields":[],"defaultCountry":"GB","requiredAddress":false},"addressListData":{"class":"org.cyclos.model.users.addresses.AddressListData","addresses":[],"maxAddresses":0,"addressRequired":false,"canCreateAddress":false},"descriptionMaxLength":2000,"maxCategoriesPerAd":1,"maxAddressesPerAd":0,"adsRequireAuthorization":false,"canHide":true,"canSubmitForAuthorization":false,"canSaveAsDraft":false,"images":[{"class":"org.cyclos.model.system.images.ImageVO","key":"QXF4z24UKJfwHQb62mflGfqJlZYU8O4ermT207CcR0iVUacVeBW0WE2KEf7eMnxm_476x317.jpeg","nature":"AD","width":476,"height":317,"convertedToJpeg":false,"contentType":"image/jpeg","length":23973,"name":"image3","id":"-2764790696835269930","lastModified":"2019-08-14T20:50:20.971+01:00","lastModifiedInMillis":"1565812220971"}],"maxImages":3,"currencies":[{"class":"org.cyclos.model.banking.currencies.CurrencyVO","symbol":"U","precision":2,"global":false,"prefix":"U ","internalName":"unit","id":"-2764790703747482922","name":"Units"}],"canCreateNew":true,"questions":[],"questionsEnabled":false,"customFieldActions":[],"canSetAddress":false,"dto":{"class":"org.cyclos.model.marketplace.advertisements.AdvertisementDTO","owner":{"class":"org.cyclos.model.users.users.UserVO","display":"PerfTestUser4","shortDisplay":"PerfTestUser4","id":"-2764790703479047466"},"description":"THIS IS TEST DESCRIPTION_003","status":"ACTIVE","creationDate":"2019-08-14T20:50:21.255+01:00","categories":[{"class":"org.cyclos.model.marketplace.categories.AdCategoryVO","id":"-2764790703680374058","name":"Media"}],"addresses":[],"customValues":[],"publicationPeriod":{"class":"org.cyclos.model.utils.DatePeriodDTO","end":"2019-08-15T23:59:59.999+01:00","begin":"2018-08-15T00:00:00.000+01:00"},"price":{"class":"org.cyclos.model.utils.CurrencyAmountDTO","currency":{"class":"org.cyclos.model.banking.currencies.CurrencyVO","symbol":"U","precision":2,"global":false,"prefix":"U ","internalName":"unit","id":"-2764790703747482922","name":"Units"},"amount":"20.00"},"promotionalPeriodActive":false,"uploadedImages":[],"name":"TEST TITLE_003","id":"-2764790699989386538","version":2},"logType":"AD","editable":true,"removable":true,"canViewHistoryLog":false}}