{"result":{"pageItems":[{"class":"org.cyclos.model.marketplace.advertisements.AdvertisementVO","owner":{"class":"org.cyclos.model.users.users.UserVO","display":"PerfTestUser4","shortDisplay":"PerfTestUser4","id":"-2764790703479047466"},"type":"ADVERTISEMENT","description":"THIS IS TEST DESCRIPTION_003","status":"ACTIVE","categories":[{"class":"org.cyclos.model.marketplace.categories.AdCategoryVO","id":"-2764790703680374058","name":"Media"}],"editable":false,"image":{"class":"org.cyclos.model.system.images.ImageVO","key":"QXF4z24UKJfwHQb62mflGfqJlZYU8O4ermT207CcR0iVUacVeBW0WE2KEf7eMnxm_476x317.jpeg","width":476,"height":317,"convertedToJpeg":false,"contentType":"image/jpeg","length":23973,"name":"image3","id":"-2764790696835269930","lastModified":"2019-08-14T20:50:20.971+01:00","lastModifiedInMillis":"1565812220971"},"publicationPeriod":{"class":"org.cyclos.model.utils.DatePeriodDTO","end":"2019-08-15T23:59:59.999+01:00","begin":"2018-08-15T00:00:00.000+01:00"},"price":{"class":"org.cyclos.model.utils.CurrencyAmountDTO","currency":{"class":"org.cyclos.model.banking.currencies.CurrencyVO","symbol":"U","precision":2,"global":false,"prefix":"U ","internalName":"unit","id":"-2764790703747482922","name":"Units"},"amount":"20.00"},"promotionalPeriodActive":false,"currentPrice":"20.00","inStock":true,"name":"TEST TITLE_003","id":"-2764790699989386538"},{"class":"org.cyclos.model.marketplace.advertisements.AdvertisementVO","owner":{"class":"org.cyclos.model.users.users.UserVO","display":"PerfTestUser4","shortDisplay":"PerfTestUser4","id":"-2764790703479047466"},"type":"ADVERTISEMENT","description":"THIS IS TEST DESCRIPTION_002","status":"ACTIVE","categories":[{"class":"org.cyclos.model.marketplace.categories.AdCategoryVO","id":"-2764790703579710762","name":"Services"}],"editable":false,"image":{"class":"org.cyclos.model.system.images.ImageVO","key":"1WP6PuHpSpeLOUJ44MaoX2yA1DRXBR0y4J9RC243F95MubhaS4qAm6ehEbEAF2Bh_360x360.jpeg","width":360,"height":360,"convertedToJpeg":false,"contentType":"image/jpeg","length":72196,"name":"image2","id":"-2764790696902378794","lastModified":"2019-08-14T20:49:52.755+01:00","lastModifiedInMillis":"1565812192755"},"publicationPeriod":{"class":"org.cyclos.model.utils.DatePeriodDTO","end":"2019-08-15T23:59:59.999+01:00","begin":"2018-08-15T00:00:00.000+01:00"},"price":{"class":"org.cyclos.model.utils.CurrencyAmountDTO","currency":{"class":"org.cyclos.model.banking.currencies.CurrencyVO","symbol":"U","precision":2,"global":false,"prefix":"U ","internalName":"unit","id":"-2764790703747482922","name":"Units"},"amount":"20.00"},"promotionalPeriodActive":false,"currentPrice":"20.00","inStock":true,"name":"TEST TITLE_002","id":"-2764790699955832106"},{"class":"org.cyclos.model.marketplace.advertisements.AdvertisementVO","owner":{"class":"org.cyclos.model.users.users.UserVO","display":"PerfTestUser4","shortDisplay":"PerfTestUser4","id":"-2764790703479047466"},"type":"ADVERTISEMENT","description":"THIS IS TEST DESCRIPTION_001","status":"ACTIVE","categories":[{"class":"org.cyclos.model.marketplace.categories.AdCategoryVO","id":"-2764790703680374058","name":"Media"}],"editable":false,"image":{"class":"org.cyclos.model.system.images.ImageVO","key":"i5yXM2IqRBNSznit5ZB2yjjHK35jrDIf61IgcXKxdhvTXjWHaVwbLFSblAva0blM_360x240.jpeg","width":360,"height":240,"convertedToJpeg":false,"contentType":"image/jpeg","length":14292,"name":"image1","id":"-2764790696969487658","lastModified":"2019-08-14T20:49:24.641+01:00","lastModifiedInMillis":"1565812164641"},"publicationPeriod":{"class":"org.cyclos.model.utils.DatePeriodDTO","end":"2019-08-15T23:59:59.999+01:00","begin":"2018-08-15T00:00:00.000+01:00"},"price":{"class":"org.cyclos.model.utils.CurrencyAmountDTO","currency":{"class":"org.cyclos.model.banking.currencies.CurrencyVO","symbol":"U","precision":2,"global":false,"prefix":"U ","internalName":"unit","id":"-2764790703747482922","name":"Units"},"amount":"20.00"},"promotionalPeriodActive":false,"currentPrice":"20.00","inStock":true,"name":"TEST TITLE_001","id":"-2764790698982753578"}],"currentPage":0,"pageSize":40,"totalCount":3,"hasNextPage":false,"pageCount":1}}