[
    {
        "actionName": "Action",
        "steps": [
            {
                "stepId": "STEP23",
                "stepName": "Url: loadTranslations_3",
                "infFile": "t10.inf",
                "time": 1565812174809
            },
            {
                "stepId": "STEP24",
                "stepName": "Custom Request: productsAndServices",
                "infFile": "t11.inf",
                "time": 1565812174995
            },
            {
                "stepId": "STEP25",
                "stepName": "Url: loadTranslations_4",
                "infFile": "t12.inf",
                "time": 1565812180130
            },
            {
                "stepId": "STEP26",
                "stepName": "Custom Request: productsAndServices_2",
                "infFile": "t13.inf",
                "time": 1565812180284
            },
            {
                "stepId": "STEP27",
                "stepName": "Custom Request: productsAndServices_3",
                "infFile": "t14.inf",
                "time": 1565812180462
            },
            {
                "stepId": "STEP28",
                "stepName": "Url: loadTranslations_5",
                "infFile": "t15.inf",
                "time": 1565812185735
            },
            {
                "stepId": "STEP29",
                "stepName": "Custom Request: productsAndServices_4",
                "infFile": "t21.inf",
                "time": 1565812185972
            },
            {
                "stepId": "STEP30",
                "stepName": "Submit Data: temp",
                "infFile": "t23.inf",
                "time": 1565812191403
            },
            {
                "stepId": "STEP31",
                "stepName": "Custom Request: productsAndServices_5",
                "infFile": "t24.inf",
                "time": 1565812191691
            },
            {
                "stepId": "STEP32",
                "stepName": "Custom Request: productsAndServices_6",
                "infFile": "t25.inf",
                "time": 1565812191892
            },
            {
                "stepId": "STEP33",
                "stepName": "Custom Request: productsAndServices_7",
                "infFile": "t26.inf",
                "time": 1565812197153
            },
            {
                "stepId": "STEP34",
                "stepName": "Custom Request: productsAndServices_8",
                "infFile": "t28.inf",
                "time": 1565812202468
            },
            {
                "stepId": "STEP35",
                "stepName": "Url: loadTranslations_6",
                "infFile": "t29.inf",
                "time": 1565812202670
            },
            {
                "stepId": "STEP36",
                "stepName": "Custom Request: productsAndServices_10",
                "infFile": "t30.inf",
                "time": 1565812202847
            }
        ],
        "transactions": [
            {
                "transactionName": "BP02_04_MarketPlace",
                "rawStartTime": 1565812174670,
                "rawEndTime": 1565812175004,
                "thinkTime": 0.0,
                "wastedTime": 0.08013606071472168
            },
            {
                "transactionName": "BP02_05_MyAdvertisement",
                "rawStartTime": 1565812180027,
                "rawEndTime": 1565812180490,
                "thinkTime": 0.0,
                "wastedTime": 0.1339268684387207
            },
            {
                "transactionName": "BP02_06_NewAdvert",
                "rawStartTime": 1565812185570,
                "rawEndTime": 1565812185992,
                "thinkTime": 0.0,
                "wastedTime": 0.11002087593078613
            },
            {
                "transactionName": "BP02_07_Save",
                "rawStartTime": 1565812191074,
                "rawEndTime": 1565812191917,
                "thinkTime": 0.0,
                "wastedTime": 0.1415567398071289
            },
            {
                "transactionName": "BP02_08_MarketPlace",
                "rawStartTime": 1565812196968,
                "rawEndTime": 1565812197183,
                "thinkTime": 0.0,
                "wastedTime": 0.06750178337097168
            },
            {
                "transactionName": "BP02_09_searchItem",
                "rawStartTime": 1565812202273,
                "rawEndTime": 1565812202491,
                "thinkTime": 0.0,
                "wastedTime": 0.05387568473815918
            },
            {
                "transactionName": "BP02_10_OpenItem",
                "rawStartTime": 1565812202554,
                "rawEndTime": 1565812202866,
                "thinkTime": 0.0,
                "wastedTime": 0.07590246200561524
            }
        ]
    }
]